customer_id,gender,age_group,sign_up_date,last_login
2001,Female,18-24,2022-11-02 06:16:33.039481,2022-11-02 06:16:33.039863
2002,Female,45-54,2022-11-03 06:16:33.039481,2022-11-03 06:16:33.039863
2003,Female,35-44,2022-11-04 06:16:33.039481,2022-11-04 06:16:33.039863
2004,Female,35-44,2022-11-05 06:16:33.039481,2022-11-05 06:16:33.039863
2005,Male,35-44,2022-11-06 06:16:33.039481,2022-11-06 06:16:33.039863
2006,Female,18-24,2022-11-07 06:16:33.039481,2022-11-07 06:16:33.039863
2007,Female,35-44,2022-11-08 06:16:33.039481,2022-11-08 06:16:33.039863
2008,Male,25-34,2022-11-09 06:16:33.039481,2022-11-09 06:16:33.039863
2009,Male,35-44,2022-11-10 06:16:33.039481,2022-11-10 06:16:33.039863
2010,Male,45-54,2022-11-11 06:16:33.039481,2022-11-11 06:16:33.039863
2011,Male,45-54,2022-11-12 06:16:33.039481,2022-11-12 06:16:33.039863
2012,Male,45-54,2022-11-13 06:16:33.039481,2022-11-13 06:16:33.039863
2013,Female,18-24,2022-11-14 06:16:33.039481,2022-11-14 06:16:33.039863
2014,Male,25-34,2022-11-15 06:16:33.039481,2022-11-15 06:16:33.039863
2015,Female,35-44,2022-11-16 06:16:33.039481,2022-11-16 06:16:33.039863
2016,Female,25-34,2022-11-17 06:16:33.039481,2022-11-17 06:16:33.039863
2017,Male,25-34,2022-11-18 06:16:33.039481,2022-11-18 06:16:33.039863
2018,Female,45-54,2022-11-19 06:16:33.039481,2022-11-19 06:16:33.039863
2019,Female,45-54,2022-11-20 06:16:33.039481,2022-11-20 06:16:33.039863
2020,Male,45-54,2022-11-21 06:16:33.039481,2022-11-21 06:16:33.039863
2021,Female,18-24,2022-11-22 06:16:33.039481,2022-11-22 06:16:33.039863
2022,Female,25-34,2022-11-23 06:16:33.039481,2022-11-23 06:16:33.039863
2023,Female,25-34,2022-11-24 06:16:33.039481,2022-11-24 06:16:33.039863
2024,Male,18-24,2022-11-25 06:16:33.039481,2022-11-25 06:16:33.039863
2025,Male,18-24,2022-11-26 06:16:33.039481,2022-11-26 06:16:33.039863
2026,Male,18-24,2022-11-27 06:16:33.039481,2022-11-27 06:16:33.039863
2027,Female,25-34,2022-11-28 06:16:33.039481,2022-11-28 06:16:33.039863
2028,Male,25-34,2022-11-29 06:16:33.039481,2022-11-29 06:16:33.039863
2029,Female,45-54,2022-11-30 06:16:33.039481,2022-11-30 06:16:33.039863
2030,Male,45-54,2022-12-01 06:16:33.039481,2022-12-01 06:16:33.039863
2031,Female,25-34,2022-12-02 06:16:33.039481,2022-12-02 06:16:33.039863
2032,Male,45-54,2022-12-03 06:16:33.039481,2022-12-03 06:16:33.039863
2033,Male,18-24,2022-12-04 06:16:33.039481,2022-12-04 06:16:33.039863
2034,Female,35-44,2022-12-05 06:16:33.039481,2022-12-05 06:16:33.039863
2035,Male,45-54,2022-12-06 06:16:33.039481,2022-12-06 06:16:33.039863
2036,Female,25-34,2022-12-07 06:16:33.039481,2022-12-07 06:16:33.039863
2037,Male,45-54,2022-12-08 06:16:33.039481,2022-12-08 06:16:33.039863
2038,Male,45-54,2022-12-09 06:16:33.039481,2022-12-09 06:16:33.039863
2039,Female,45-54,2022-12-10 06:16:33.039481,2022-12-10 06:16:33.039863
2040,Female,35-44,2022-12-11 06:16:33.039481,2022-12-11 06:16:33.039863
2041,Female,18-24,2022-12-12 06:16:33.039481,2022-12-12 06:16:33.039863
2042,Male,25-34,2022-12-13 06:16:33.039481,2022-12-13 06:16:33.039863
2043,Female,35-44,2022-12-14 06:16:33.039481,2022-12-14 06:16:33.039863
2044,Male,25-34,2022-12-15 06:16:33.039481,2022-12-15 06:16:33.039863
2045,Female,25-34,2022-12-16 06:16:33.039481,2022-12-16 06:16:33.039863
2046,Female,25-34,2022-12-17 06:16:33.039481,2022-12-17 06:16:33.039863
2047,Female,35-44,2022-12-18 06:16:33.039481,2022-12-18 06:16:33.039863
2048,Female,18-24,2022-12-19 06:16:33.039481,2022-12-19 06:16:33.039863
2049,Female,25-34,2022-12-20 06:16:33.039481,2022-12-20 06:16:33.039863
2050,Female,18-24,2022-12-21 06:16:33.039481,2022-12-21 06:16:33.039863
2051,Male,18-24,2022-12-22 06:16:33.039481,2022-12-22 06:16:33.039863
2052,Female,45-54,2022-12-23 06:16:33.039481,2022-12-23 06:16:33.039863
2053,Male,35-44,2022-12-24 06:16:33.039481,2022-12-24 06:16:33.039863
2054,Female,35-44,2022-12-25 06:16:33.039481,2022-12-25 06:16:33.039863
2055,Female,45-54,2022-12-26 06:16:33.039481,2022-12-26 06:16:33.039863
2056,Female,45-54,2022-12-27 06:16:33.039481,2022-12-27 06:16:33.039863
2057,Male,18-24,2022-12-28 06:16:33.039481,2022-12-28 06:16:33.039863
2058,Male,25-34,2022-12-29 06:16:33.039481,2022-12-29 06:16:33.039863
2059,Female,35-44,2022-12-30 06:16:33.039481,2022-12-30 06:16:33.039863
2060,Male,25-34,2022-12-31 06:16:33.039481,2022-12-31 06:16:33.039863
2061,Female,25-34,2023-01-01 06:16:33.039481,2023-01-01 06:16:33.039863
2062,Female,45-54,2023-01-02 06:16:33.039481,2023-01-02 06:16:33.039863
2063,Male,25-34,2023-01-03 06:16:33.039481,2023-01-03 06:16:33.039863
2064,Male,18-24,2023-01-04 06:16:33.039481,2023-01-04 06:16:33.039863
2065,Male,45-54,2023-01-05 06:16:33.039481,2023-01-05 06:16:33.039863
2066,Male,25-34,2023-01-06 06:16:33.039481,2023-01-06 06:16:33.039863
2067,Female,45-54,2023-01-07 06:16:33.039481,2023-01-07 06:16:33.039863
2068,Male,18-24,2023-01-08 06:16:33.039481,2023-01-08 06:16:33.039863
2069,Male,18-24,2023-01-09 06:16:33.039481,2023-01-09 06:16:33.039863
2070,Female,25-34,2023-01-10 06:16:33.039481,2023-01-10 06:16:33.039863
2071,Male,45-54,2023-01-11 06:16:33.039481,2023-01-11 06:16:33.039863
2072,Male,25-34,2023-01-12 06:16:33.039481,2023-01-12 06:16:33.039863
2073,Male,25-34,2023-01-13 06:16:33.039481,2023-01-13 06:16:33.039863
2074,Male,45-54,2023-01-14 06:16:33.039481,2023-01-14 06:16:33.039863
2075,Female,25-34,2023-01-15 06:16:33.039481,2023-01-15 06:16:33.039863
2076,Female,18-24,2023-01-16 06:16:33.039481,2023-01-16 06:16:33.039863
2077,Male,45-54,2023-01-17 06:16:33.039481,2023-01-17 06:16:33.039863
2078,Male,45-54,2023-01-18 06:16:33.039481,2023-01-18 06:16:33.039863
2079,Female,45-54,2023-01-19 06:16:33.039481,2023-01-19 06:16:33.039863
2080,Male,45-54,2023-01-20 06:16:33.039481,2023-01-20 06:16:33.039863
2081,Male,25-34,2023-01-21 06:16:33.039481,2023-01-21 06:16:33.039863
2082,Male,25-34,2023-01-22 06:16:33.039481,2023-01-22 06:16:33.039863
2083,Male,18-24,2023-01-23 06:16:33.039481,2023-01-23 06:16:33.039863
2084,Male,35-44,2023-01-24 06:16:33.039481,2023-01-24 06:16:33.039863
2085,Male,35-44,2023-01-25 06:16:33.039481,2023-01-25 06:16:33.039863
2086,Male,18-24,2023-01-26 06:16:33.039481,2023-01-26 06:16:33.039863
2087,Male,35-44,2023-01-27 06:16:33.039481,2023-01-27 06:16:33.039863
2088,Male,18-24,2023-01-28 06:16:33.039481,2023-01-28 06:16:33.039863
2089,Female,25-34,2023-01-29 06:16:33.039481,2023-01-29 06:16:33.039863
2090,Female,45-54,2023-01-30 06:16:33.039481,2023-01-30 06:16:33.039863
2091,Female,45-54,2023-01-31 06:16:33.039481,2023-01-31 06:16:33.039863
2092,Male,25-34,2023-02-01 06:16:33.039481,2023-02-01 06:16:33.039863
2093,Male,45-54,2023-02-02 06:16:33.039481,2023-02-02 06:16:33.039863
2094,Female,45-54,2023-02-03 06:16:33.039481,2023-02-03 06:16:33.039863
2095,Male,35-44,2023-02-04 06:16:33.039481,2023-02-04 06:16:33.039863
2096,Female,25-34,2023-02-05 06:16:33.039481,2023-02-05 06:16:33.039863
2097,Male,35-44,2023-02-06 06:16:33.039481,2023-02-06 06:16:33.039863
2098,Female,35-44,2023-02-07 06:16:33.039481,2023-02-07 06:16:33.039863
2099,Female,45-54,2023-02-08 06:16:33.039481,2023-02-08 06:16:33.039863
2100,Female,45-54,2023-02-09 06:16:33.039481,2023-02-09 06:16:33.039863
2101,Male,25-34,2023-02-10 06:16:33.039481,2023-02-10 06:16:33.039863
2102,Female,45-54,2023-02-11 06:16:33.039481,2023-02-11 06:16:33.039863
2103,Male,45-54,2023-02-12 06:16:33.039481,2023-02-12 06:16:33.039863
2104,Male,25-34,2023-02-13 06:16:33.039481,2023-02-13 06:16:33.039863
2105,Male,45-54,2023-02-14 06:16:33.039481,2023-02-14 06:16:33.039863
2106,Male,35-44,2023-02-15 06:16:33.039481,2023-02-15 06:16:33.039863
2107,Male,25-34,2023-02-16 06:16:33.039481,2023-02-16 06:16:33.039863
2108,Male,45-54,2023-02-17 06:16:33.039481,2023-02-17 06:16:33.039863
2109,Male,18-24,2023-02-18 06:16:33.039481,2023-02-18 06:16:33.039863
2110,Female,25-34,2023-02-19 06:16:33.039481,2023-02-19 06:16:33.039863
2111,Female,25-34,2023-02-20 06:16:33.039481,2023-02-20 06:16:33.039863
2112,Female,18-24,2023-02-21 06:16:33.039481,2023-02-21 06:16:33.039863
2113,Male,45-54,2023-02-22 06:16:33.039481,2023-02-22 06:16:33.039863
2114,Male,45-54,2023-02-23 06:16:33.039481,2023-02-23 06:16:33.039863
2115,Male,25-34,2023-02-24 06:16:33.039481,2023-02-24 06:16:33.039863
2116,Male,25-34,2023-02-25 06:16:33.039481,2023-02-25 06:16:33.039863
2117,Female,45-54,2023-02-26 06:16:33.039481,2023-02-26 06:16:33.039863
2118,Male,45-54,2023-02-27 06:16:33.039481,2023-02-27 06:16:33.039863
2119,Female,35-44,2023-02-28 06:16:33.039481,2023-02-28 06:16:33.039863
2120,Male,25-34,2023-03-01 06:16:33.039481,2023-03-01 06:16:33.039863
2121,Female,25-34,2023-03-02 06:16:33.039481,2023-03-02 06:16:33.039863
2122,Male,18-24,2023-03-03 06:16:33.039481,2023-03-03 06:16:33.039863
2123,Female,35-44,2023-03-04 06:16:33.039481,2023-03-04 06:16:33.039863
2124,Male,45-54,2023-03-05 06:16:33.039481,2023-03-05 06:16:33.039863
2125,Female,35-44,2023-03-06 06:16:33.039481,2023-03-06 06:16:33.039863
2126,Male,45-54,2023-03-07 06:16:33.039481,2023-03-07 06:16:33.039863
2127,Female,45-54,2023-03-08 06:16:33.039481,2023-03-08 06:16:33.039863
2128,Female,35-44,2023-03-09 06:16:33.039481,2023-03-09 06:16:33.039863
2129,Male,25-34,2023-03-10 06:16:33.039481,2023-03-10 06:16:33.039863
2130,Female,45-54,2023-03-11 06:16:33.039481,2023-03-11 06:16:33.039863
2131,Male,35-44,2023-03-12 06:16:33.039481,2023-03-12 06:16:33.039863
2132,Male,18-24,2023-03-13 06:16:33.039481,2023-03-13 06:16:33.039863
2133,Male,35-44,2023-03-14 06:16:33.039481,2023-03-14 06:16:33.039863
2134,Female,18-24,2023-03-15 06:16:33.039481,2023-03-15 06:16:33.039863
2135,Female,45-54,2023-03-16 06:16:33.039481,2023-03-16 06:16:33.039863
2136,Male,35-44,2023-03-17 06:16:33.039481,2023-03-17 06:16:33.039863
2137,Male,35-44,2023-03-18 06:16:33.039481,2023-03-18 06:16:33.039863
2138,Female,18-24,2023-03-19 06:16:33.039481,2023-03-19 06:16:33.039863
2139,Female,35-44,2023-03-20 06:16:33.039481,2023-03-20 06:16:33.039863
2140,Female,35-44,2023-03-21 06:16:33.039481,2023-03-21 06:16:33.039863
2141,Male,45-54,2023-03-22 06:16:33.039481,2023-03-22 06:16:33.039863
2142,Male,35-44,2023-03-23 06:16:33.039481,2023-03-23 06:16:33.039863
2143,Male,25-34,2023-03-24 06:16:33.039481,2023-03-24 06:16:33.039863
2144,Male,18-24,2023-03-25 06:16:33.039481,2023-03-25 06:16:33.039863
2145,Male,35-44,2023-03-26 06:16:33.039481,2023-03-26 06:16:33.039863
2146,Female,18-24,2023-03-27 06:16:33.039481,2023-03-27 06:16:33.039863
2147,Male,18-24,2023-03-28 06:16:33.039481,2023-03-28 06:16:33.039863
2148,Female,18-24,2023-03-29 06:16:33.039481,2023-03-29 06:16:33.039863
2149,Female,35-44,2023-03-30 06:16:33.039481,2023-03-30 06:16:33.039863
2150,Male,35-44,2023-03-31 06:16:33.039481,2023-03-31 06:16:33.039863
2151,Female,18-24,2023-04-01 06:16:33.039481,2023-04-01 06:16:33.039863
2152,Male,25-34,2023-04-02 06:16:33.039481,2023-04-02 06:16:33.039863
2153,Female,18-24,2023-04-03 06:16:33.039481,2023-04-03 06:16:33.039863
2154,Male,25-34,2023-04-04 06:16:33.039481,2023-04-04 06:16:33.039863
2155,Male,18-24,2023-04-05 06:16:33.039481,2023-04-05 06:16:33.039863
2156,Female,45-54,2023-04-06 06:16:33.039481,2023-04-06 06:16:33.039863
2157,Male,18-24,2023-04-07 06:16:33.039481,2023-04-07 06:16:33.039863
2158,Female,18-24,2023-04-08 06:16:33.039481,2023-04-08 06:16:33.039863
2159,Male,35-44,2023-04-09 06:16:33.039481,2023-04-09 06:16:33.039863
2160,Male,25-34,2023-04-10 06:16:33.039481,2023-04-10 06:16:33.039863
2161,Male,45-54,2023-04-11 06:16:33.039481,2023-04-11 06:16:33.039863
2162,Female,25-34,2023-04-12 06:16:33.039481,2023-04-12 06:16:33.039863
2163,Female,45-54,2023-04-13 06:16:33.039481,2023-04-13 06:16:33.039863
2164,Male,18-24,2023-04-14 06:16:33.039481,2023-04-14 06:16:33.039863
2165,Female,35-44,2023-04-15 06:16:33.039481,2023-04-15 06:16:33.039863
2166,Male,35-44,2023-04-16 06:16:33.039481,2023-04-16 06:16:33.039863
2167,Female,25-34,2023-04-17 06:16:33.039481,2023-04-17 06:16:33.039863
2168,Female,35-44,2023-04-18 06:16:33.039481,2023-04-18 06:16:33.039863
2169,Male,25-34,2023-04-19 06:16:33.039481,2023-04-19 06:16:33.039863
2170,Male,25-34,2023-04-20 06:16:33.039481,2023-04-20 06:16:33.039863
2171,Male,45-54,2023-04-21 06:16:33.039481,2023-04-21 06:16:33.039863
2172,Male,25-34,2023-04-22 06:16:33.039481,2023-04-22 06:16:33.039863
2173,Male,45-54,2023-04-23 06:16:33.039481,2023-04-23 06:16:33.039863
2174,Female,35-44,2023-04-24 06:16:33.039481,2023-04-24 06:16:33.039863
2175,Female,25-34,2023-04-25 06:16:33.039481,2023-04-25 06:16:33.039863
2176,Male,25-34,2023-04-26 06:16:33.039481,2023-04-26 06:16:33.039863
2177,Male,18-24,2023-04-27 06:16:33.039481,2023-04-27 06:16:33.039863
2178,Male,25-34,2023-04-28 06:16:33.039481,2023-04-28 06:16:33.039863
2179,Female,25-34,2023-04-29 06:16:33.039481,2023-04-29 06:16:33.039863
2180,Male,18-24,2023-04-30 06:16:33.039481,2023-04-30 06:16:33.039863
2181,Male,18-24,2023-05-01 06:16:33.039481,2023-05-01 06:16:33.039863
2182,Female,35-44,2023-05-02 06:16:33.039481,2023-05-02 06:16:33.039863
2183,Female,25-34,2023-05-03 06:16:33.039481,2023-05-03 06:16:33.039863
2184,Female,35-44,2023-05-04 06:16:33.039481,2023-05-04 06:16:33.039863
2185,Female,35-44,2023-05-05 06:16:33.039481,2023-05-05 06:16:33.039863
2186,Male,18-24,2023-05-06 06:16:33.039481,2023-05-06 06:16:33.039863
2187,Female,45-54,2023-05-07 06:16:33.039481,2023-05-07 06:16:33.039863
2188,Female,35-44,2023-05-08 06:16:33.039481,2023-05-08 06:16:33.039863
2189,Male,45-54,2023-05-09 06:16:33.039481,2023-05-09 06:16:33.039863
2190,Male,25-34,2023-05-10 06:16:33.039481,2023-05-10 06:16:33.039863
2191,Male,18-24,2023-05-11 06:16:33.039481,2023-05-11 06:16:33.039863
2192,Female,25-34,2023-05-12 06:16:33.039481,2023-05-12 06:16:33.039863
2193,Male,25-34,2023-05-13 06:16:33.039481,2023-05-13 06:16:33.039863
2194,Female,18-24,2023-05-14 06:16:33.039481,2023-05-14 06:16:33.039863
2195,Female,25-34,2023-05-15 06:16:33.039481,2023-05-15 06:16:33.039863
2196,Female,18-24,2023-05-16 06:16:33.039481,2023-05-16 06:16:33.039863
2197,Male,45-54,2023-05-17 06:16:33.039481,2023-05-17 06:16:33.039863
2198,Female,25-34,2023-05-18 06:16:33.039481,2023-05-18 06:16:33.039863
2199,Male,18-24,2023-05-19 06:16:33.039481,2023-05-19 06:16:33.039863
2200,Male,35-44,2023-05-20 06:16:33.039481,2023-05-20 06:16:33.039863
2201,Male,25-34,2023-05-21 06:16:33.039481,2023-05-21 06:16:33.039863
2202,Female,45-54,2023-05-22 06:16:33.039481,2023-05-22 06:16:33.039863
2203,Female,18-24,2023-05-23 06:16:33.039481,2023-05-23 06:16:33.039863
2204,Female,25-34,2023-05-24 06:16:33.039481,2023-05-24 06:16:33.039863
2205,Male,25-34,2023-05-25 06:16:33.039481,2023-05-25 06:16:33.039863
2206,Female,25-34,2023-05-26 06:16:33.039481,2023-05-26 06:16:33.039863
2207,Female,45-54,2023-05-27 06:16:33.039481,2023-05-27 06:16:33.039863
2208,Female,18-24,2023-05-28 06:16:33.039481,2023-05-28 06:16:33.039863
2209,Female,35-44,2023-05-29 06:16:33.039481,2023-05-29 06:16:33.039863
2210,Female,35-44,2023-05-30 06:16:33.039481,2023-05-30 06:16:33.039863
2211,Male,35-44,2023-05-31 06:16:33.039481,2023-05-31 06:16:33.039863
2212,Male,18-24,2023-06-01 06:16:33.039481,2023-06-01 06:16:33.039863
2213,Male,35-44,2023-06-02 06:16:33.039481,2023-06-02 06:16:33.039863
2214,Male,45-54,2023-06-03 06:16:33.039481,2023-06-03 06:16:33.039863
2215,Female,18-24,2023-06-04 06:16:33.039481,2023-06-04 06:16:33.039863
2216,Male,25-34,2023-06-05 06:16:33.039481,2023-06-05 06:16:33.039863
2217,Female,45-54,2023-06-06 06:16:33.039481,2023-06-06 06:16:33.039863
2218,Male,25-34,2023-06-07 06:16:33.039481,2023-06-07 06:16:33.039863
2219,Male,35-44,2023-06-08 06:16:33.039481,2023-06-08 06:16:33.039863
2220,Male,45-54,2023-06-09 06:16:33.039481,2023-06-09 06:16:33.039863
2221,Female,18-24,2023-06-10 06:16:33.039481,2023-06-10 06:16:33.039863
2222,Female,45-54,2023-06-11 06:16:33.039481,2023-06-11 06:16:33.039863
2223,Male,25-34,2023-06-12 06:16:33.039481,2023-06-12 06:16:33.039863
2224,Female,18-24,2023-06-13 06:16:33.039481,2023-06-13 06:16:33.039863
2225,Male,45-54,2023-06-14 06:16:33.039481,2023-06-14 06:16:33.039863
2226,Male,45-54,2023-06-15 06:16:33.039481,2023-06-15 06:16:33.039863
2227,Male,45-54,2023-06-16 06:16:33.039481,2023-06-16 06:16:33.039863
2228,Female,45-54,2023-06-17 06:16:33.039481,2023-06-17 06:16:33.039863
2229,Male,18-24,2023-06-18 06:16:33.039481,2023-06-18 06:16:33.039863
2230,Male,25-34,2023-06-19 06:16:33.039481,2023-06-19 06:16:33.039863
2231,Male,45-54,2023-06-20 06:16:33.039481,2023-06-20 06:16:33.039863
2232,Female,18-24,2023-06-21 06:16:33.039481,2023-06-21 06:16:33.039863
2233,Male,25-34,2023-06-22 06:16:33.039481,2023-06-22 06:16:33.039863
2234,Female,45-54,2023-06-23 06:16:33.039481,2023-06-23 06:16:33.039863
2235,Male,25-34,2023-06-24 06:16:33.039481,2023-06-24 06:16:33.039863
2236,Female,25-34,2023-06-25 06:16:33.039481,2023-06-25 06:16:33.039863
2237,Male,18-24,2023-06-26 06:16:33.039481,2023-06-26 06:16:33.039863
2238,Male,25-34,2023-06-27 06:16:33.039481,2023-06-27 06:16:33.039863
2239,Female,18-24,2023-06-28 06:16:33.039481,2023-06-28 06:16:33.039863
2240,Female,45-54,2023-06-29 06:16:33.039481,2023-06-29 06:16:33.039863
2241,Male,25-34,2023-06-30 06:16:33.039481,2023-06-30 06:16:33.039863
2242,Female,25-34,2023-07-01 06:16:33.039481,2023-07-01 06:16:33.039863
2243,Male,35-44,2023-07-02 06:16:33.039481,2023-07-02 06:16:33.039863
2244,Male,45-54,2023-07-03 06:16:33.039481,2023-07-03 06:16:33.039863
2245,Male,45-54,2023-07-04 06:16:33.039481,2023-07-04 06:16:33.039863
2246,Female,35-44,2023-07-05 06:16:33.039481,2023-07-05 06:16:33.039863
2247,Male,35-44,2023-07-06 06:16:33.039481,2023-07-06 06:16:33.039863
2248,Female,18-24,2023-07-07 06:16:33.039481,2023-07-07 06:16:33.039863
2249,Male,18-24,2023-07-08 06:16:33.039481,2023-07-08 06:16:33.039863
2250,Female,25-34,2023-07-09 06:16:33.039481,2023-07-09 06:16:33.039863
2251,Female,25-34,2023-07-10 06:16:33.039481,2023-07-10 06:16:33.039863
2252,Male,25-34,2023-07-11 06:16:33.039481,2023-07-11 06:16:33.039863
2253,Female,25-34,2023-07-12 06:16:33.039481,2023-07-12 06:16:33.039863
2254,Male,18-24,2023-07-13 06:16:33.039481,2023-07-13 06:16:33.039863
2255,Male,45-54,2023-07-14 06:16:33.039481,2023-07-14 06:16:33.039863
2256,Male,25-34,2023-07-15 06:16:33.039481,2023-07-15 06:16:33.039863
2257,Male,45-54,2023-07-16 06:16:33.039481,2023-07-16 06:16:33.039863
2258,Male,25-34,2023-07-17 06:16:33.039481,2023-07-17 06:16:33.039863
2259,Female,35-44,2023-07-18 06:16:33.039481,2023-07-18 06:16:33.039863
2260,Male,25-34,2023-07-19 06:16:33.039481,2023-07-19 06:16:33.039863
2261,Female,25-34,2023-07-20 06:16:33.039481,2023-07-20 06:16:33.039863
2262,Female,25-34,2023-07-21 06:16:33.039481,2023-07-21 06:16:33.039863
2263,Male,18-24,2023-07-22 06:16:33.039481,2023-07-22 06:16:33.039863
2264,Female,35-44,2023-07-23 06:16:33.039481,2023-07-23 06:16:33.039863
2265,Male,25-34,2023-07-24 06:16:33.039481,2023-07-24 06:16:33.039863
2266,Female,25-34,2023-07-25 06:16:33.039481,2023-07-25 06:16:33.039863
2267,Female,45-54,2023-07-26 06:16:33.039481,2023-07-26 06:16:33.039863
2268,Female,35-44,2023-07-27 06:16:33.039481,2023-07-27 06:16:33.039863
2269,Male,25-34,2023-07-28 06:16:33.039481,2023-07-28 06:16:33.039863
2270,Female,45-54,2023-07-29 06:16:33.039481,2023-07-29 06:16:33.039863
2271,Male,45-54,2023-07-30 06:16:33.039481,2023-07-30 06:16:33.039863
2272,Female,18-24,2023-07-31 06:16:33.039481,2023-07-31 06:16:33.039863
2273,Female,45-54,2023-08-01 06:16:33.039481,2023-08-01 06:16:33.039863
2274,Female,25-34,2023-08-02 06:16:33.039481,2023-08-02 06:16:33.039863
2275,Female,18-24,2023-08-03 06:16:33.039481,2023-08-03 06:16:33.039863
2276,Male,18-24,2023-08-04 06:16:33.039481,2023-08-04 06:16:33.039863
2277,Male,25-34,2023-08-05 06:16:33.039481,2023-08-05 06:16:33.039863
2278,Female,35-44,2023-08-06 06:16:33.039481,2023-08-06 06:16:33.039863
2279,Female,45-54,2023-08-07 06:16:33.039481,2023-08-07 06:16:33.039863
2280,Male,18-24,2023-08-08 06:16:33.039481,2023-08-08 06:16:33.039863
2281,Male,35-44,2023-08-09 06:16:33.039481,2023-08-09 06:16:33.039863
2282,Male,25-34,2023-08-10 06:16:33.039481,2023-08-10 06:16:33.039863
2283,Male,45-54,2023-08-11 06:16:33.039481,2023-08-11 06:16:33.039863
2284,Female,45-54,2023-08-12 06:16:33.039481,2023-08-12 06:16:33.039863
2285,Female,18-24,2023-08-13 06:16:33.039481,2023-08-13 06:16:33.039863
2286,Male,45-54,2023-08-14 06:16:33.039481,2023-08-14 06:16:33.039863
2287,Male,45-54,2023-08-15 06:16:33.039481,2023-08-15 06:16:33.039863
2288,Male,45-54,2023-08-16 06:16:33.039481,2023-08-16 06:16:33.039863
2289,Male,45-54,2023-08-17 06:16:33.039481,2023-08-17 06:16:33.039863
2290,Male,25-34,2023-08-18 06:16:33.039481,2023-08-18 06:16:33.039863
2291,Male,35-44,2023-08-19 06:16:33.039481,2023-08-19 06:16:33.039863
2292,Female,25-34,2023-08-20 06:16:33.039481,2023-08-20 06:16:33.039863
2293,Female,25-34,2023-08-21 06:16:33.039481,2023-08-21 06:16:33.039863
2294,Female,18-24,2023-08-22 06:16:33.039481,2023-08-22 06:16:33.039863
2295,Male,45-54,2023-08-23 06:16:33.039481,2023-08-23 06:16:33.039863
2296,Male,25-34,2023-08-24 06:16:33.039481,2023-08-24 06:16:33.039863
2297,Male,45-54,2023-08-25 06:16:33.039481,2023-08-25 06:16:33.039863
2298,Female,25-34,2023-08-26 06:16:33.039481,2023-08-26 06:16:33.039863
2299,Male,25-34,2023-08-27 06:16:33.039481,2023-08-27 06:16:33.039863
2300,Male,18-24,2023-08-28 06:16:33.039481,2023-08-28 06:16:33.039863
2301,Female,35-44,2023-08-29 06:16:33.039481,2023-08-29 06:16:33.039863
2302,Male,35-44,2023-08-30 06:16:33.039481,2023-08-30 06:16:33.039863
2303,Female,25-34,2023-08-31 06:16:33.039481,2023-08-31 06:16:33.039863
2304,Female,18-24,2023-09-01 06:16:33.039481,2023-09-01 06:16:33.039863
2305,Male,45-54,2023-09-02 06:16:33.039481,2023-09-02 06:16:33.039863
2306,Female,45-54,2023-09-03 06:16:33.039481,2023-09-03 06:16:33.039863
2307,Male,25-34,2023-09-04 06:16:33.039481,2023-09-04 06:16:33.039863
2308,Female,35-44,2023-09-05 06:16:33.039481,2023-09-05 06:16:33.039863
2309,Male,18-24,2023-09-06 06:16:33.039481,2023-09-06 06:16:33.039863
2310,Female,35-44,2023-09-07 06:16:33.039481,2023-09-07 06:16:33.039863
2311,Male,45-54,2023-09-08 06:16:33.039481,2023-09-08 06:16:33.039863
2312,Female,35-44,2023-09-09 06:16:33.039481,2023-09-09 06:16:33.039863
2313,Female,45-54,2023-09-10 06:16:33.039481,2023-09-10 06:16:33.039863
2314,Female,18-24,2023-09-11 06:16:33.039481,2023-09-11 06:16:33.039863
2315,Male,18-24,2023-09-12 06:16:33.039481,2023-09-12 06:16:33.039863
2316,Male,25-34,2023-09-13 06:16:33.039481,2023-09-13 06:16:33.039863
2317,Female,25-34,2023-09-14 06:16:33.039481,2023-09-14 06:16:33.039863
2318,Male,35-44,2023-09-15 06:16:33.039481,2023-09-15 06:16:33.039863
2319,Female,18-24,2023-09-16 06:16:33.039481,2023-09-16 06:16:33.039863
2320,Male,18-24,2023-09-17 06:16:33.039481,2023-09-17 06:16:33.039863
2321,Female,25-34,2023-09-18 06:16:33.039481,2023-09-18 06:16:33.039863
2322,Male,45-54,2023-09-19 06:16:33.039481,2023-09-19 06:16:33.039863
2323,Female,35-44,2023-09-20 06:16:33.039481,2023-09-20 06:16:33.039863
2324,Female,35-44,2023-09-21 06:16:33.039481,2023-09-21 06:16:33.039863
2325,Female,25-34,2023-09-22 06:16:33.039481,2023-09-22 06:16:33.039863
2326,Female,18-24,2023-09-23 06:16:33.039481,2023-09-23 06:16:33.039863
2327,Male,25-34,2023-09-24 06:16:33.039481,2023-09-24 06:16:33.039863
2328,Female,25-34,2023-09-25 06:16:33.039481,2023-09-25 06:16:33.039863
2329,Male,25-34,2023-09-26 06:16:33.039481,2023-09-26 06:16:33.039863
2330,Male,25-34,2023-09-27 06:16:33.039481,2023-09-27 06:16:33.039863
2331,Female,45-54,2023-09-28 06:16:33.039481,2023-09-28 06:16:33.039863
2332,Male,45-54,2023-09-29 06:16:33.039481,2023-09-29 06:16:33.039863
2333,Male,18-24,2023-09-30 06:16:33.039481,2023-09-30 06:16:33.039863
2334,Male,25-34,2023-10-01 06:16:33.039481,2023-10-01 06:16:33.039863
2335,Female,45-54,2023-10-02 06:16:33.039481,2023-10-02 06:16:33.039863
2336,Male,18-24,2023-10-03 06:16:33.039481,2023-10-03 06:16:33.039863
2337,Male,25-34,2023-10-04 06:16:33.039481,2023-10-04 06:16:33.039863
2338,Female,35-44,2023-10-05 06:16:33.039481,2023-10-05 06:16:33.039863
2339,Female,45-54,2023-10-06 06:16:33.039481,2023-10-06 06:16:33.039863
2340,Male,18-24,2023-10-07 06:16:33.039481,2023-10-07 06:16:33.039863
2341,Female,35-44,2023-10-08 06:16:33.039481,2023-10-08 06:16:33.039863
2342,Male,25-34,2023-10-09 06:16:33.039481,2023-10-09 06:16:33.039863
2343,Male,25-34,2023-10-10 06:16:33.039481,2023-10-10 06:16:33.039863
2344,Male,25-34,2023-10-11 06:16:33.039481,2023-10-11 06:16:33.039863
2345,Female,45-54,2023-10-12 06:16:33.039481,2023-10-12 06:16:33.039863
2346,Male,18-24,2023-10-13 06:16:33.039481,2023-10-13 06:16:33.039863
2347,Female,35-44,2023-10-14 06:16:33.039481,2023-10-14 06:16:33.039863
2348,Female,18-24,2023-10-15 06:16:33.039481,2023-10-15 06:16:33.039863
2349,Male,45-54,2023-10-16 06:16:33.039481,2023-10-16 06:16:33.039863
2350,Female,18-24,2023-10-17 06:16:33.039481,2023-10-17 06:16:33.039863
2351,Female,45-54,2023-10-18 06:16:33.039481,2023-10-18 06:16:33.039863
2352,Female,25-34,2023-10-19 06:16:33.039481,2023-10-19 06:16:33.039863
2353,Female,35-44,2023-10-20 06:16:33.039481,2023-10-20 06:16:33.039863
2354,Female,25-34,2023-10-21 06:16:33.039481,2023-10-21 06:16:33.039863
2355,Male,18-24,2023-10-22 06:16:33.039481,2023-10-22 06:16:33.039863
2356,Female,25-34,2023-10-23 06:16:33.039481,2023-10-23 06:16:33.039863
2357,Male,35-44,2023-10-24 06:16:33.039481,2023-10-24 06:16:33.039863
2358,Male,25-34,2023-10-25 06:16:33.039481,2023-10-25 06:16:33.039863
2359,Male,35-44,2023-10-26 06:16:33.039481,2023-10-26 06:16:33.039863
2360,Male,35-44,2023-10-27 06:16:33.039481,2023-10-27 06:16:33.039863
2361,Male,25-34,2023-10-28 06:16:33.039481,2023-10-28 06:16:33.039863
2362,Male,45-54,2023-10-29 06:16:33.039481,2023-10-29 06:16:33.039863
2363,Female,18-24,2023-10-30 06:16:33.039481,2023-10-30 06:16:33.039863
2364,Female,45-54,2023-10-31 06:16:33.039481,2023-10-31 06:16:33.039863
2365,Female,45-54,2023-11-01 06:16:33.039481,2023-11-01 06:16:33.039863
2366,Male,25-34,2023-11-02 06:16:33.039481,2023-11-02 06:16:33.039863
2367,Female,18-24,2023-11-03 06:16:33.039481,2023-11-03 06:16:33.039863
2368,Female,18-24,2023-11-04 06:16:33.039481,2023-11-04 06:16:33.039863
2369,Female,45-54,2023-11-05 06:16:33.039481,2023-11-05 06:16:33.039863
2370,Male,25-34,2023-11-06 06:16:33.039481,2023-11-06 06:16:33.039863
2371,Female,18-24,2023-11-07 06:16:33.039481,2023-11-07 06:16:33.039863
2372,Male,45-54,2023-11-08 06:16:33.039481,2023-11-08 06:16:33.039863
2373,Female,18-24,2023-11-09 06:16:33.039481,2023-11-09 06:16:33.039863
2374,Male,25-34,2023-11-10 06:16:33.039481,2023-11-10 06:16:33.039863
2375,Male,25-34,2023-11-11 06:16:33.039481,2023-11-11 06:16:33.039863
2376,Male,25-34,2023-11-12 06:16:33.039481,2023-11-12 06:16:33.039863
2377,Female,18-24,2023-11-13 06:16:33.039481,2023-11-13 06:16:33.039863
2378,Female,35-44,2023-11-14 06:16:33.039481,2023-11-14 06:16:33.039863
2379,Male,18-24,2023-11-15 06:16:33.039481,2023-11-15 06:16:33.039863
2380,Female,35-44,2023-11-16 06:16:33.039481,2023-11-16 06:16:33.039863
2381,Male,25-34,2023-11-17 06:16:33.039481,2023-11-17 06:16:33.039863
2382,Male,45-54,2023-11-18 06:16:33.039481,2023-11-18 06:16:33.039863
2383,Female,35-44,2023-11-19 06:16:33.039481,2023-11-19 06:16:33.039863
2384,Female,25-34,2023-11-20 06:16:33.039481,2023-11-20 06:16:33.039863
2385,Female,25-34,2023-11-21 06:16:33.039481,2023-11-21 06:16:33.039863
2386,Male,35-44,2023-11-22 06:16:33.039481,2023-11-22 06:16:33.039863
2387,Male,45-54,2023-11-23 06:16:33.039481,2023-11-23 06:16:33.039863
2388,Female,25-34,2023-11-24 06:16:33.039481,2023-11-24 06:16:33.039863
2389,Male,35-44,2023-11-25 06:16:33.039481,2023-11-25 06:16:33.039863
2390,Female,45-54,2023-11-26 06:16:33.039481,2023-11-26 06:16:33.039863
2391,Male,45-54,2023-11-27 06:16:33.039481,2023-11-27 06:16:33.039863
2392,Female,25-34,2023-11-28 06:16:33.039481,2023-11-28 06:16:33.039863
2393,Female,18-24,2023-11-29 06:16:33.039481,2023-11-29 06:16:33.039863
2394,Male,18-24,2023-11-30 06:16:33.039481,2023-11-30 06:16:33.039863
2395,Female,25-34,2023-12-01 06:16:33.039481,2023-12-01 06:16:33.039863
2396,Female,45-54,2023-12-02 06:16:33.039481,2023-12-02 06:16:33.039863
2397,Male,25-34,2023-12-03 06:16:33.039481,2023-12-03 06:16:33.039863
2398,Female,35-44,2023-12-04 06:16:33.039481,2023-12-04 06:16:33.039863
2399,Male,18-24,2023-12-05 06:16:33.039481,2023-12-05 06:16:33.039863
2400,Female,35-44,2023-12-06 06:16:33.039481,2023-12-06 06:16:33.039863
2401,Male,25-34,2023-12-07 06:16:33.039481,2023-12-07 06:16:33.039863
2402,Female,25-34,2023-12-08 06:16:33.039481,2023-12-08 06:16:33.039863
2403,Female,45-54,2023-12-09 06:16:33.039481,2023-12-09 06:16:33.039863
2404,Female,45-54,2023-12-10 06:16:33.039481,2023-12-10 06:16:33.039863
2405,Female,45-54,2023-12-11 06:16:33.039481,2023-12-11 06:16:33.039863
2406,Male,35-44,2023-12-12 06:16:33.039481,2023-12-12 06:16:33.039863
2407,Male,45-54,2023-12-13 06:16:33.039481,2023-12-13 06:16:33.039863
2408,Male,25-34,2023-12-14 06:16:33.039481,2023-12-14 06:16:33.039863
2409,Male,45-54,2023-12-15 06:16:33.039481,2023-12-15 06:16:33.039863
2410,Male,18-24,2023-12-16 06:16:33.039481,2023-12-16 06:16:33.039863
2411,Male,45-54,2023-12-17 06:16:33.039481,2023-12-17 06:16:33.039863
2412,Male,35-44,2023-12-18 06:16:33.039481,2023-12-18 06:16:33.039863
2413,Female,18-24,2023-12-19 06:16:33.039481,2023-12-19 06:16:33.039863
2414,Female,18-24,2023-12-20 06:16:33.039481,2023-12-20 06:16:33.039863
2415,Female,18-24,2023-12-21 06:16:33.039481,2023-12-21 06:16:33.039863
2416,Female,35-44,2023-12-22 06:16:33.039481,2023-12-22 06:16:33.039863
2417,Male,25-34,2023-12-23 06:16:33.039481,2023-12-23 06:16:33.039863
2418,Male,45-54,2023-12-24 06:16:33.039481,2023-12-24 06:16:33.039863
2419,Male,18-24,2023-12-25 06:16:33.039481,2023-12-25 06:16:33.039863
2420,Female,18-24,2023-12-26 06:16:33.039481,2023-12-26 06:16:33.039863
2421,Male,18-24,2023-12-27 06:16:33.039481,2023-12-27 06:16:33.039863
2422,Female,25-34,2023-12-28 06:16:33.039481,2023-12-28 06:16:33.039863
2423,Male,25-34,2023-12-29 06:16:33.039481,2023-12-29 06:16:33.039863
2424,Male,35-44,2023-12-30 06:16:33.039481,2023-12-30 06:16:33.039863
2425,Male,25-34,2023-12-31 06:16:33.039481,2023-12-31 06:16:33.039863
2426,Male,45-54,2024-01-01 06:16:33.039481,2024-01-01 06:16:33.039863
2427,Female,35-44,2024-01-02 06:16:33.039481,2024-01-02 06:16:33.039863
2428,Female,35-44,2024-01-03 06:16:33.039481,2024-01-03 06:16:33.039863
2429,Male,45-54,2024-01-04 06:16:33.039481,2024-01-04 06:16:33.039863
2430,Female,45-54,2024-01-05 06:16:33.039481,2024-01-05 06:16:33.039863
2431,Male,45-54,2024-01-06 06:16:33.039481,2024-01-06 06:16:33.039863
2432,Male,35-44,2024-01-07 06:16:33.039481,2024-01-07 06:16:33.039863
2433,Male,35-44,2024-01-08 06:16:33.039481,2024-01-08 06:16:33.039863
2434,Male,35-44,2024-01-09 06:16:33.039481,2024-01-09 06:16:33.039863
2435,Female,45-54,2024-01-10 06:16:33.039481,2024-01-10 06:16:33.039863
2436,Male,45-54,2024-01-11 06:16:33.039481,2024-01-11 06:16:33.039863
2437,Male,18-24,2024-01-12 06:16:33.039481,2024-01-12 06:16:33.039863
2438,Female,25-34,2024-01-13 06:16:33.039481,2024-01-13 06:16:33.039863
2439,Male,18-24,2024-01-14 06:16:33.039481,2024-01-14 06:16:33.039863
2440,Female,45-54,2024-01-15 06:16:33.039481,2024-01-15 06:16:33.039863
2441,Male,35-44,2024-01-16 06:16:33.039481,2024-01-16 06:16:33.039863
2442,Male,45-54,2024-01-17 06:16:33.039481,2024-01-17 06:16:33.039863
2443,Male,25-34,2024-01-18 06:16:33.039481,2024-01-18 06:16:33.039863
2444,Male,18-24,2024-01-19 06:16:33.039481,2024-01-19 06:16:33.039863
2445,Male,18-24,2024-01-20 06:16:33.039481,2024-01-20 06:16:33.039863
2446,Male,35-44,2024-01-21 06:16:33.039481,2024-01-21 06:16:33.039863
2447,Female,18-24,2024-01-22 06:16:33.039481,2024-01-22 06:16:33.039863
2448,Male,18-24,2024-01-23 06:16:33.039481,2024-01-23 06:16:33.039863
2449,Female,45-54,2024-01-24 06:16:33.039481,2024-01-24 06:16:33.039863
2450,Female,18-24,2024-01-25 06:16:33.039481,2024-01-25 06:16:33.039863
2451,Male,18-24,2024-01-26 06:16:33.039481,2024-01-26 06:16:33.039863
2452,Female,18-24,2024-01-27 06:16:33.039481,2024-01-27 06:16:33.039863
2453,Male,35-44,2024-01-28 06:16:33.039481,2024-01-28 06:16:33.039863
2454,Female,35-44,2024-01-29 06:16:33.039481,2024-01-29 06:16:33.039863
2455,Male,45-54,2024-01-30 06:16:33.039481,2024-01-30 06:16:33.039863
2456,Female,18-24,2024-01-31 06:16:33.039481,2024-01-31 06:16:33.039863
2457,Female,35-44,2024-02-01 06:16:33.039481,2024-02-01 06:16:33.039863
2458,Male,35-44,2024-02-02 06:16:33.039481,2024-02-02 06:16:33.039863
2459,Female,45-54,2024-02-03 06:16:33.039481,2024-02-03 06:16:33.039863
2460,Male,25-34,2024-02-04 06:16:33.039481,2024-02-04 06:16:33.039863
2461,Male,18-24,2024-02-05 06:16:33.039481,2024-02-05 06:16:33.039863
2462,Male,35-44,2024-02-06 06:16:33.039481,2024-02-06 06:16:33.039863
2463,Male,45-54,2024-02-07 06:16:33.039481,2024-02-07 06:16:33.039863
2464,Male,45-54,2024-02-08 06:16:33.039481,2024-02-08 06:16:33.039863
2465,Female,45-54,2024-02-09 06:16:33.039481,2024-02-09 06:16:33.039863
2466,Female,35-44,2024-02-10 06:16:33.039481,2024-02-10 06:16:33.039863
2467,Female,18-24,2024-02-11 06:16:33.039481,2024-02-11 06:16:33.039863
2468,Male,25-34,2024-02-12 06:16:33.039481,2024-02-12 06:16:33.039863
2469,Female,18-24,2024-02-13 06:16:33.039481,2024-02-13 06:16:33.039863
2470,Female,45-54,2024-02-14 06:16:33.039481,2024-02-14 06:16:33.039863
2471,Female,45-54,2024-02-15 06:16:33.039481,2024-02-15 06:16:33.039863
2472,Female,25-34,2024-02-16 06:16:33.039481,2024-02-16 06:16:33.039863
2473,Female,18-24,2024-02-17 06:16:33.039481,2024-02-17 06:16:33.039863
2474,Male,45-54,2024-02-18 06:16:33.039481,2024-02-18 06:16:33.039863
2475,Male,45-54,2024-02-19 06:16:33.039481,2024-02-19 06:16:33.039863
2476,Female,18-24,2024-02-20 06:16:33.039481,2024-02-20 06:16:33.039863
2477,Male,45-54,2024-02-21 06:16:33.039481,2024-02-21 06:16:33.039863
2478,Male,18-24,2024-02-22 06:16:33.039481,2024-02-22 06:16:33.039863
2479,Female,45-54,2024-02-23 06:16:33.039481,2024-02-23 06:16:33.039863
2480,Female,18-24,2024-02-24 06:16:33.039481,2024-02-24 06:16:33.039863
2481,Male,25-34,2024-02-25 06:16:33.039481,2024-02-25 06:16:33.039863
2482,Female,45-54,2024-02-26 06:16:33.039481,2024-02-26 06:16:33.039863
2483,Male,25-34,2024-02-27 06:16:33.039481,2024-02-27 06:16:33.039863
2484,Male,45-54,2024-02-28 06:16:33.039481,2024-02-28 06:16:33.039863
2485,Female,45-54,2024-02-29 06:16:33.039481,2024-02-29 06:16:33.039863
2486,Male,35-44,2024-03-01 06:16:33.039481,2024-03-01 06:16:33.039863
2487,Male,18-24,2024-03-02 06:16:33.039481,2024-03-02 06:16:33.039863
2488,Male,25-34,2024-03-03 06:16:33.039481,2024-03-03 06:16:33.039863
2489,Female,25-34,2024-03-04 06:16:33.039481,2024-03-04 06:16:33.039863
2490,Female,25-34,2024-03-05 06:16:33.039481,2024-03-05 06:16:33.039863
2491,Female,18-24,2024-03-06 06:16:33.039481,2024-03-06 06:16:33.039863
2492,Female,35-44,2024-03-07 06:16:33.039481,2024-03-07 06:16:33.039863
2493,Male,25-34,2024-03-08 06:16:33.039481,2024-03-08 06:16:33.039863
2494,Female,18-24,2024-03-09 06:16:33.039481,2024-03-09 06:16:33.039863
2495,Female,45-54,2024-03-10 06:16:33.039481,2024-03-10 06:16:33.039863
2496,Female,25-34,2024-03-11 06:16:33.039481,2024-03-11 06:16:33.039863
2497,Female,25-34,2024-03-12 06:16:33.039481,2024-03-12 06:16:33.039863
2498,Male,35-44,2024-03-13 06:16:33.039481,2024-03-13 06:16:33.039863
2499,Male,25-34,2024-03-14 06:16:33.039481,2024-03-14 06:16:33.039863
2500,Male,25-34,2024-03-15 06:16:33.039481,2024-03-15 06:16:33.039863
2501,Female,45-54,2024-03-16 06:16:33.039481,2024-03-16 06:16:33.039863
2502,Female,18-24,2024-03-17 06:16:33.039481,2024-03-17 06:16:33.039863
2503,Male,18-24,2024-03-18 06:16:33.039481,2024-03-18 06:16:33.039863
2504,Female,35-44,2024-03-19 06:16:33.039481,2024-03-19 06:16:33.039863
2505,Female,45-54,2024-03-20 06:16:33.039481,2024-03-20 06:16:33.039863
2506,Male,18-24,2024-03-21 06:16:33.039481,2024-03-21 06:16:33.039863
2507,Male,45-54,2024-03-22 06:16:33.039481,2024-03-22 06:16:33.039863
2508,Female,18-24,2024-03-23 06:16:33.039481,2024-03-23 06:16:33.039863
2509,Female,45-54,2024-03-24 06:16:33.039481,2024-03-24 06:16:33.039863
2510,Female,35-44,2024-03-25 06:16:33.039481,2024-03-25 06:16:33.039863
2511,Male,25-34,2024-03-26 06:16:33.039481,2024-03-26 06:16:33.039863
2512,Male,35-44,2024-03-27 06:16:33.039481,2024-03-27 06:16:33.039863
2513,Male,18-24,2024-03-28 06:16:33.039481,2024-03-28 06:16:33.039863
2514,Male,35-44,2024-03-29 06:16:33.039481,2024-03-29 06:16:33.039863
2515,Female,25-34,2024-03-30 06:16:33.039481,2024-03-30 06:16:33.039863
2516,Male,35-44,2024-03-31 06:16:33.039481,2024-03-31 06:16:33.039863
2517,Male,18-24,2024-04-01 06:16:33.039481,2024-04-01 06:16:33.039863
2518,Female,18-24,2024-04-02 06:16:33.039481,2024-04-02 06:16:33.039863
2519,Female,35-44,2024-04-03 06:16:33.039481,2024-04-03 06:16:33.039863
2520,Female,25-34,2024-04-04 06:16:33.039481,2024-04-04 06:16:33.039863
2521,Male,35-44,2024-04-05 06:16:33.039481,2024-04-05 06:16:33.039863
2522,Female,25-34,2024-04-06 06:16:33.039481,2024-04-06 06:16:33.039863
2523,Female,45-54,2024-04-07 06:16:33.039481,2024-04-07 06:16:33.039863
2524,Male,25-34,2024-04-08 06:16:33.039481,2024-04-08 06:16:33.039863
2525,Male,45-54,2024-04-09 06:16:33.039481,2024-04-09 06:16:33.039863
2526,Female,35-44,2024-04-10 06:16:33.039481,2024-04-10 06:16:33.039863
2527,Male,25-34,2024-04-11 06:16:33.039481,2024-04-11 06:16:33.039863
2528,Female,45-54,2024-04-12 06:16:33.039481,2024-04-12 06:16:33.039863
2529,Female,45-54,2024-04-13 06:16:33.039481,2024-04-13 06:16:33.039863
2530,Male,45-54,2024-04-14 06:16:33.039481,2024-04-14 06:16:33.039863
2531,Female,18-24,2024-04-15 06:16:33.039481,2024-04-15 06:16:33.039863
2532,Male,35-44,2024-04-16 06:16:33.039481,2024-04-16 06:16:33.039863
2533,Male,45-54,2024-04-17 06:16:33.039481,2024-04-17 06:16:33.039863
2534,Male,25-34,2024-04-18 06:16:33.039481,2024-04-18 06:16:33.039863
2535,Female,45-54,2024-04-19 06:16:33.039481,2024-04-19 06:16:33.039863
2536,Male,18-24,2024-04-20 06:16:33.039481,2024-04-20 06:16:33.039863
2537,Male,35-44,2024-04-21 06:16:33.039481,2024-04-21 06:16:33.039863
2538,Female,18-24,2024-04-22 06:16:33.039481,2024-04-22 06:16:33.039863
2539,Female,18-24,2024-04-23 06:16:33.039481,2024-04-23 06:16:33.039863
2540,Female,18-24,2024-04-24 06:16:33.039481,2024-04-24 06:16:33.039863
2541,Female,25-34,2024-04-25 06:16:33.039481,2024-04-25 06:16:33.039863
2542,Male,35-44,2024-04-26 06:16:33.039481,2024-04-26 06:16:33.039863
2543,Male,35-44,2024-04-27 06:16:33.039481,2024-04-27 06:16:33.039863
2544,Male,25-34,2024-04-28 06:16:33.039481,2024-04-28 06:16:33.039863
2545,Female,35-44,2024-04-29 06:16:33.039481,2024-04-29 06:16:33.039863
2546,Female,18-24,2024-04-30 06:16:33.039481,2024-04-30 06:16:33.039863
2547,Male,35-44,2024-05-01 06:16:33.039481,2024-05-01 06:16:33.039863
2548,Female,25-34,2024-05-02 06:16:33.039481,2024-05-02 06:16:33.039863
2549,Female,18-24,2024-05-03 06:16:33.039481,2024-05-03 06:16:33.039863
2550,Male,25-34,2024-05-04 06:16:33.039481,2024-05-04 06:16:33.039863
2551,Male,45-54,2024-05-05 06:16:33.039481,2024-05-05 06:16:33.039863
2552,Female,18-24,2024-05-06 06:16:33.039481,2024-05-06 06:16:33.039863
2553,Female,18-24,2024-05-07 06:16:33.039481,2024-05-07 06:16:33.039863
2554,Female,35-44,2024-05-08 06:16:33.039481,2024-05-08 06:16:33.039863
2555,Male,18-24,2024-05-09 06:16:33.039481,2024-05-09 06:16:33.039863
2556,Male,25-34,2024-05-10 06:16:33.039481,2024-05-10 06:16:33.039863
2557,Male,35-44,2024-05-11 06:16:33.039481,2024-05-11 06:16:33.039863
2558,Male,45-54,2024-05-12 06:16:33.039481,2024-05-12 06:16:33.039863
2559,Male,25-34,2024-05-13 06:16:33.039481,2024-05-13 06:16:33.039863
2560,Female,45-54,2024-05-14 06:16:33.039481,2024-05-14 06:16:33.039863
2561,Female,45-54,2024-05-15 06:16:33.039481,2024-05-15 06:16:33.039863
2562,Female,45-54,2024-05-16 06:16:33.039481,2024-05-16 06:16:33.039863
2563,Male,18-24,2024-05-17 06:16:33.039481,2024-05-17 06:16:33.039863
2564,Male,25-34,2024-05-18 06:16:33.039481,2024-05-18 06:16:33.039863
2565,Male,25-34,2024-05-19 06:16:33.039481,2024-05-19 06:16:33.039863
2566,Female,18-24,2024-05-20 06:16:33.039481,2024-05-20 06:16:33.039863
2567,Male,35-44,2024-05-21 06:16:33.039481,2024-05-21 06:16:33.039863
2568,Male,45-54,2024-05-22 06:16:33.039481,2024-05-22 06:16:33.039863
2569,Female,25-34,2024-05-23 06:16:33.039481,2024-05-23 06:16:33.039863
2570,Male,18-24,2024-05-24 06:16:33.039481,2024-05-24 06:16:33.039863
2571,Female,45-54,2024-05-25 06:16:33.039481,2024-05-25 06:16:33.039863
2572,Male,35-44,2024-05-26 06:16:33.039481,2024-05-26 06:16:33.039863
2573,Male,35-44,2024-05-27 06:16:33.039481,2024-05-27 06:16:33.039863
2574,Female,45-54,2024-05-28 06:16:33.039481,2024-05-28 06:16:33.039863
2575,Female,35-44,2024-05-29 06:16:33.039481,2024-05-29 06:16:33.039863
2576,Female,25-34,2024-05-30 06:16:33.039481,2024-05-30 06:16:33.039863
2577,Female,25-34,2024-05-31 06:16:33.039481,2024-05-31 06:16:33.039863
2578,Female,25-34,2024-06-01 06:16:33.039481,2024-06-01 06:16:33.039863
2579,Female,35-44,2024-06-02 06:16:33.039481,2024-06-02 06:16:33.039863
2580,Male,25-34,2024-06-03 06:16:33.039481,2024-06-03 06:16:33.039863
2581,Male,18-24,2024-06-04 06:16:33.039481,2024-06-04 06:16:33.039863
2582,Female,25-34,2024-06-05 06:16:33.039481,2024-06-05 06:16:33.039863
2583,Male,25-34,2024-06-06 06:16:33.039481,2024-06-06 06:16:33.039863
2584,Female,35-44,2024-06-07 06:16:33.039481,2024-06-07 06:16:33.039863
2585,Male,25-34,2024-06-08 06:16:33.039481,2024-06-08 06:16:33.039863
2586,Female,45-54,2024-06-09 06:16:33.039481,2024-06-09 06:16:33.039863
2587,Male,18-24,2024-06-10 06:16:33.039481,2024-06-10 06:16:33.039863
2588,Male,35-44,2024-06-11 06:16:33.039481,2024-06-11 06:16:33.039863
2589,Male,18-24,2024-06-12 06:16:33.039481,2024-06-12 06:16:33.039863
2590,Male,45-54,2024-06-13 06:16:33.039481,2024-06-13 06:16:33.039863
2591,Male,35-44,2024-06-14 06:16:33.039481,2024-06-14 06:16:33.039863
2592,Female,35-44,2024-06-15 06:16:33.039481,2024-06-15 06:16:33.039863
2593,Female,25-34,2024-06-16 06:16:33.039481,2024-06-16 06:16:33.039863
2594,Female,18-24,2024-06-17 06:16:33.039481,2024-06-17 06:16:33.039863
2595,Male,45-54,2024-06-18 06:16:33.039481,2024-06-18 06:16:33.039863
2596,Female,45-54,2024-06-19 06:16:33.039481,2024-06-19 06:16:33.039863
2597,Male,35-44,2024-06-20 06:16:33.039481,2024-06-20 06:16:33.039863
2598,Male,25-34,2024-06-21 06:16:33.039481,2024-06-21 06:16:33.039863
2599,Male,35-44,2024-06-22 06:16:33.039481,2024-06-22 06:16:33.039863
2600,Female,35-44,2024-06-23 06:16:33.039481,2024-06-23 06:16:33.039863
2601,Male,35-44,2024-06-24 06:16:33.039481,2024-06-24 06:16:33.039863
2602,Female,35-44,2024-06-25 06:16:33.039481,2024-06-25 06:16:33.039863
2603,Female,45-54,2024-06-26 06:16:33.039481,2024-06-26 06:16:33.039863
2604,Male,45-54,2024-06-27 06:16:33.039481,2024-06-27 06:16:33.039863
2605,Male,35-44,2024-06-28 06:16:33.039481,2024-06-28 06:16:33.039863
2606,Female,35-44,2024-06-29 06:16:33.039481,2024-06-29 06:16:33.039863
2607,Female,25-34,2024-06-30 06:16:33.039481,2024-06-30 06:16:33.039863
2608,Female,35-44,2024-07-01 06:16:33.039481,2024-07-01 06:16:33.039863
2609,Female,45-54,2024-07-02 06:16:33.039481,2024-07-02 06:16:33.039863
2610,Female,18-24,2024-07-03 06:16:33.039481,2024-07-03 06:16:33.039863
2611,Female,45-54,2024-07-04 06:16:33.039481,2024-07-04 06:16:33.039863
2612,Male,25-34,2024-07-05 06:16:33.039481,2024-07-05 06:16:33.039863
2613,Female,45-54,2024-07-06 06:16:33.039481,2024-07-06 06:16:33.039863
2614,Female,18-24,2024-07-07 06:16:33.039481,2024-07-07 06:16:33.039863
2615,Female,35-44,2024-07-08 06:16:33.039481,2024-07-08 06:16:33.039863
2616,Female,18-24,2024-07-09 06:16:33.039481,2024-07-09 06:16:33.039863
2617,Male,35-44,2024-07-10 06:16:33.039481,2024-07-10 06:16:33.039863
2618,Male,35-44,2024-07-11 06:16:33.039481,2024-07-11 06:16:33.039863
2619,Female,45-54,2024-07-12 06:16:33.039481,2024-07-12 06:16:33.039863
2620,Female,45-54,2024-07-13 06:16:33.039481,2024-07-13 06:16:33.039863
2621,Female,45-54,2024-07-14 06:16:33.039481,2024-07-14 06:16:33.039863
2622,Male,25-34,2024-07-15 06:16:33.039481,2024-07-15 06:16:33.039863
2623,Male,45-54,2024-07-16 06:16:33.039481,2024-07-16 06:16:33.039863
2624,Male,25-34,2024-07-17 06:16:33.039481,2024-07-17 06:16:33.039863
2625,Male,45-54,2024-07-18 06:16:33.039481,2024-07-18 06:16:33.039863
2626,Male,35-44,2024-07-19 06:16:33.039481,2024-07-19 06:16:33.039863
2627,Male,25-34,2024-07-20 06:16:33.039481,2024-07-20 06:16:33.039863
2628,Female,18-24,2024-07-21 06:16:33.039481,2024-07-21 06:16:33.039863
2629,Male,25-34,2024-07-22 06:16:33.039481,2024-07-22 06:16:33.039863
2630,Male,25-34,2024-07-23 06:16:33.039481,2024-07-23 06:16:33.039863
2631,Female,18-24,2024-07-24 06:16:33.039481,2024-07-24 06:16:33.039863
2632,Male,25-34,2024-07-25 06:16:33.039481,2024-07-25 06:16:33.039863
2633,Female,35-44,2024-07-26 06:16:33.039481,2024-07-26 06:16:33.039863
2634,Male,45-54,2024-07-27 06:16:33.039481,2024-07-27 06:16:33.039863
2635,Female,18-24,2024-07-28 06:16:33.039481,2024-07-28 06:16:33.039863
2636,Female,45-54,2024-07-29 06:16:33.039481,2024-07-29 06:16:33.039863
2637,Female,35-44,2024-07-30 06:16:33.039481,2024-07-30 06:16:33.039863
2638,Female,18-24,2024-07-31 06:16:33.039481,2024-07-31 06:16:33.039863
2639,Female,45-54,2024-08-01 06:16:33.039481,2024-08-01 06:16:33.039863
2640,Male,45-54,2024-08-02 06:16:33.039481,2024-08-02 06:16:33.039863
2641,Male,35-44,2024-08-03 06:16:33.039481,2024-08-03 06:16:33.039863
2642,Female,45-54,2024-08-04 06:16:33.039481,2024-08-04 06:16:33.039863
2643,Female,35-44,2024-08-05 06:16:33.039481,2024-08-05 06:16:33.039863
2644,Female,25-34,2024-08-06 06:16:33.039481,2024-08-06 06:16:33.039863
2645,Male,35-44,2024-08-07 06:16:33.039481,2024-08-07 06:16:33.039863
2646,Female,25-34,2024-08-08 06:16:33.039481,2024-08-08 06:16:33.039863
2647,Female,18-24,2024-08-09 06:16:33.039481,2024-08-09 06:16:33.039863
2648,Female,45-54,2024-08-10 06:16:33.039481,2024-08-10 06:16:33.039863
2649,Female,35-44,2024-08-11 06:16:33.039481,2024-08-11 06:16:33.039863
2650,Male,35-44,2024-08-12 06:16:33.039481,2024-08-12 06:16:33.039863
2651,Female,45-54,2024-08-13 06:16:33.039481,2024-08-13 06:16:33.039863
2652,Female,45-54,2024-08-14 06:16:33.039481,2024-08-14 06:16:33.039863
2653,Male,18-24,2024-08-15 06:16:33.039481,2024-08-15 06:16:33.039863
2654,Female,18-24,2024-08-16 06:16:33.039481,2024-08-16 06:16:33.039863
2655,Female,35-44,2024-08-17 06:16:33.039481,2024-08-17 06:16:33.039863
2656,Male,18-24,2024-08-18 06:16:33.039481,2024-08-18 06:16:33.039863
2657,Male,25-34,2024-08-19 06:16:33.039481,2024-08-19 06:16:33.039863
2658,Male,18-24,2024-08-20 06:16:33.039481,2024-08-20 06:16:33.039863
2659,Female,18-24,2024-08-21 06:16:33.039481,2024-08-21 06:16:33.039863
2660,Female,35-44,2024-08-22 06:16:33.039481,2024-08-22 06:16:33.039863
2661,Male,25-34,2024-08-23 06:16:33.039481,2024-08-23 06:16:33.039863
2662,Male,18-24,2024-08-24 06:16:33.039481,2024-08-24 06:16:33.039863
2663,Male,25-34,2024-08-25 06:16:33.039481,2024-08-25 06:16:33.039863
2664,Female,25-34,2024-08-26 06:16:33.039481,2024-08-26 06:16:33.039863
2665,Female,25-34,2024-08-27 06:16:33.039481,2024-08-27 06:16:33.039863
2666,Male,45-54,2024-08-28 06:16:33.039481,2024-08-28 06:16:33.039863
2667,Female,45-54,2024-08-29 06:16:33.039481,2024-08-29 06:16:33.039863
2668,Male,45-54,2024-08-30 06:16:33.039481,2024-08-30 06:16:33.039863
2669,Female,45-54,2024-08-31 06:16:33.039481,2024-08-31 06:16:33.039863
2670,Female,35-44,2024-09-01 06:16:33.039481,2024-09-01 06:16:33.039863
2671,Female,18-24,2024-09-02 06:16:33.039481,2024-09-02 06:16:33.039863
2672,Female,45-54,2024-09-03 06:16:33.039481,2024-09-03 06:16:33.039863
2673,Male,35-44,2024-09-04 06:16:33.039481,2024-09-04 06:16:33.039863
2674,Female,18-24,2024-09-05 06:16:33.039481,2024-09-05 06:16:33.039863
2675,Female,45-54,2024-09-06 06:16:33.039481,2024-09-06 06:16:33.039863
2676,Male,18-24,2024-09-07 06:16:33.039481,2024-09-07 06:16:33.039863
2677,Female,45-54,2024-09-08 06:16:33.039481,2024-09-08 06:16:33.039863
2678,Male,35-44,2024-09-09 06:16:33.039481,2024-09-09 06:16:33.039863
2679,Male,25-34,2024-09-10 06:16:33.039481,2024-09-10 06:16:33.039863
2680,Female,25-34,2024-09-11 06:16:33.039481,2024-09-11 06:16:33.039863
2681,Female,18-24,2024-09-12 06:16:33.039481,2024-09-12 06:16:33.039863
2682,Male,35-44,2024-09-13 06:16:33.039481,2024-09-13 06:16:33.039863
2683,Male,25-34,2024-09-14 06:16:33.039481,2024-09-14 06:16:33.039863
2684,Male,45-54,2024-09-15 06:16:33.039481,2024-09-15 06:16:33.039863
2685,Female,25-34,2024-09-16 06:16:33.039481,2024-09-16 06:16:33.039863
2686,Male,18-24,2024-09-17 06:16:33.039481,2024-09-17 06:16:33.039863
2687,Male,18-24,2024-09-18 06:16:33.039481,2024-09-18 06:16:33.039863
2688,Male,35-44,2024-09-19 06:16:33.039481,2024-09-19 06:16:33.039863
2689,Female,18-24,2024-09-20 06:16:33.039481,2024-09-20 06:16:33.039863
2690,Male,25-34,2024-09-21 06:16:33.039481,2024-09-21 06:16:33.039863
2691,Female,25-34,2024-09-22 06:16:33.039481,2024-09-22 06:16:33.039863
2692,Female,25-34,2024-09-23 06:16:33.039481,2024-09-23 06:16:33.039863
2693,Male,25-34,2024-09-24 06:16:33.039481,2024-09-24 06:16:33.039863
2694,Female,35-44,2024-09-25 06:16:33.039481,2024-09-25 06:16:33.039863
2695,Male,45-54,2024-09-26 06:16:33.039481,2024-09-26 06:16:33.039863
2696,Female,45-54,2024-09-27 06:16:33.039481,2024-09-27 06:16:33.039863
2697,Female,35-44,2024-09-28 06:16:33.039481,2024-09-28 06:16:33.039863
2698,Male,18-24,2024-09-29 06:16:33.039481,2024-09-29 06:16:33.039863
2699,Male,45-54,2024-09-30 06:16:33.039481,2024-09-30 06:16:33.039863
2700,Male,18-24,2024-10-01 06:16:33.039481,2024-10-01 06:16:33.039863
2701,Female,45-54,2024-10-02 06:16:33.039481,2024-10-02 06:16:33.039863
2702,Female,18-24,2024-10-03 06:16:33.039481,2024-10-03 06:16:33.039863
2703,Male,35-44,2024-10-04 06:16:33.039481,2024-10-04 06:16:33.039863
2704,Male,25-34,2024-10-05 06:16:33.039481,2024-10-05 06:16:33.039863
2705,Female,18-24,2024-10-06 06:16:33.039481,2024-10-06 06:16:33.039863
2706,Female,25-34,2024-10-07 06:16:33.039481,2024-10-07 06:16:33.039863
2707,Female,18-24,2024-10-08 06:16:33.039481,2024-10-08 06:16:33.039863
2708,Male,18-24,2024-10-09 06:16:33.039481,2024-10-09 06:16:33.039863
2709,Female,18-24,2024-10-10 06:16:33.039481,2024-10-10 06:16:33.039863
2710,Male,18-24,2024-10-11 06:16:33.039481,2024-10-11 06:16:33.039863
2711,Female,18-24,2024-10-12 06:16:33.039481,2024-10-12 06:16:33.039863
2712,Female,25-34,2024-10-13 06:16:33.039481,2024-10-13 06:16:33.039863
2713,Male,18-24,2024-10-14 06:16:33.039481,2024-10-14 06:16:33.039863
2714,Male,25-34,2024-10-15 06:16:33.039481,2024-10-15 06:16:33.039863
2715,Male,35-44,2024-10-16 06:16:33.039481,2024-10-16 06:16:33.039863
2716,Female,45-54,2024-10-17 06:16:33.039481,2024-10-17 06:16:33.039863
2717,Female,18-24,2024-10-18 06:16:33.039481,2024-10-18 06:16:33.039863
2718,Female,45-54,2024-10-19 06:16:33.039481,2024-10-19 06:16:33.039863
2719,Male,25-34,2024-10-20 06:16:33.039481,2024-10-20 06:16:33.039863
2720,Female,35-44,2024-10-21 06:16:33.039481,2024-10-21 06:16:33.039863
2721,Male,35-44,2024-10-22 06:16:33.039481,2024-10-22 06:16:33.039863
2722,Male,35-44,2024-10-23 06:16:33.039481,2024-10-23 06:16:33.039863
2723,Male,45-54,2024-10-24 06:16:33.039481,2024-10-24 06:16:33.039863
2724,Female,25-34,2024-10-25 06:16:33.039481,2024-10-25 06:16:33.039863
2725,Female,18-24,2024-10-26 06:16:33.039481,2024-10-26 06:16:33.039863
2726,Male,18-24,2024-10-27 06:16:33.039481,2024-10-27 06:16:33.039863
2727,Female,25-34,2024-10-28 06:16:33.039481,2024-10-28 06:16:33.039863
2728,Male,45-54,2024-10-29 06:16:33.039481,2024-10-29 06:16:33.039863
2729,Male,18-24,2024-10-30 06:16:33.039481,2024-10-30 06:16:33.039863
2730,Female,25-34,2024-10-31 06:16:33.039481,2024-10-31 06:16:33.039863
2731,Male,18-24,2024-11-01 06:16:33.039481,2024-11-01 06:16:33.039863
2732,Male,35-44,2024-11-02 06:16:33.039481,2024-11-02 06:16:33.039863
2733,Female,18-24,2024-11-03 06:16:33.039481,2024-11-03 06:16:33.039863
2734,Male,45-54,2024-11-04 06:16:33.039481,2024-11-04 06:16:33.039863
2735,Male,25-34,2024-11-05 06:16:33.039481,2024-11-05 06:16:33.039863
2736,Male,45-54,2024-11-06 06:16:33.039481,2024-11-06 06:16:33.039863
2737,Male,25-34,2024-11-07 06:16:33.039481,2024-11-07 06:16:33.039863
2738,Male,35-44,2024-11-08 06:16:33.039481,2024-11-08 06:16:33.039863
2739,Male,25-34,2024-11-09 06:16:33.039481,2024-11-09 06:16:33.039863
2740,Male,18-24,2024-11-10 06:16:33.039481,2024-11-10 06:16:33.039863
2741,Female,18-24,2024-11-11 06:16:33.039481,2024-11-11 06:16:33.039863
2742,Female,35-44,2024-11-12 06:16:33.039481,2024-11-12 06:16:33.039863
2743,Male,25-34,2024-11-13 06:16:33.039481,2024-11-13 06:16:33.039863
2744,Male,35-44,2024-11-14 06:16:33.039481,2024-11-14 06:16:33.039863
2745,Female,18-24,2024-11-15 06:16:33.039481,2024-11-15 06:16:33.039863
2746,Female,45-54,2024-11-16 06:16:33.039481,2024-11-16 06:16:33.039863
2747,Female,35-44,2024-11-17 06:16:33.039481,2024-11-17 06:16:33.039863
2748,Female,45-54,2024-11-18 06:16:33.039481,2024-11-18 06:16:33.039863
2749,Female,45-54,2024-11-19 06:16:33.039481,2024-11-19 06:16:33.039863
2750,Male,25-34,2024-11-20 06:16:33.039481,2024-11-20 06:16:33.039863
2751,Female,35-44,2024-11-21 06:16:33.039481,2024-11-21 06:16:33.039863
2752,Female,45-54,2024-11-22 06:16:33.039481,2024-11-22 06:16:33.039863
2753,Female,45-54,2024-11-23 06:16:33.039481,2024-11-23 06:16:33.039863
2754,Male,25-34,2024-11-24 06:16:33.039481,2024-11-24 06:16:33.039863
2755,Male,25-34,2024-11-25 06:16:33.039481,2024-11-25 06:16:33.039863
2756,Male,18-24,2024-11-26 06:16:33.039481,2024-11-26 06:16:33.039863
2757,Male,45-54,2024-11-27 06:16:33.039481,2024-11-27 06:16:33.039863
2758,Male,18-24,2024-11-28 06:16:33.039481,2024-11-28 06:16:33.039863
2759,Male,45-54,2024-11-29 06:16:33.039481,2024-11-29 06:16:33.039863
2760,Female,18-24,2024-11-30 06:16:33.039481,2024-11-30 06:16:33.039863
2761,Male,25-34,2024-12-01 06:16:33.039481,2024-12-01 06:16:33.039863
2762,Male,35-44,2024-12-02 06:16:33.039481,2024-12-02 06:16:33.039863
2763,Female,25-34,2024-12-03 06:16:33.039481,2024-12-03 06:16:33.039863
2764,Male,18-24,2024-12-04 06:16:33.039481,2024-12-04 06:16:33.039863
2765,Female,18-24,2024-12-05 06:16:33.039481,2024-12-05 06:16:33.039863
2766,Female,35-44,2024-12-06 06:16:33.039481,2024-12-06 06:16:33.039863
2767,Male,45-54,2024-12-07 06:16:33.039481,2024-12-07 06:16:33.039863
2768,Female,18-24,2024-12-08 06:16:33.039481,2024-12-08 06:16:33.039863
2769,Female,18-24,2024-12-09 06:16:33.039481,2024-12-09 06:16:33.039863
2770,Female,18-24,2024-12-10 06:16:33.039481,2024-12-10 06:16:33.039863
2771,Female,35-44,2024-12-11 06:16:33.039481,2024-12-11 06:16:33.039863
2772,Male,25-34,2024-12-12 06:16:33.039481,2024-12-12 06:16:33.039863
2773,Female,18-24,2024-12-13 06:16:33.039481,2024-12-13 06:16:33.039863
2774,Male,35-44,2024-12-14 06:16:33.039481,2024-12-14 06:16:33.039863
2775,Female,18-24,2024-12-15 06:16:33.039481,2024-12-15 06:16:33.039863
2776,Female,45-54,2024-12-16 06:16:33.039481,2024-12-16 06:16:33.039863
2777,Female,35-44,2024-12-17 06:16:33.039481,2024-12-17 06:16:33.039863
2778,Male,18-24,2024-12-18 06:16:33.039481,2024-12-18 06:16:33.039863
2779,Male,35-44,2024-12-19 06:16:33.039481,2024-12-19 06:16:33.039863
2780,Male,18-24,2024-12-20 06:16:33.039481,2024-12-20 06:16:33.039863
2781,Female,25-34,2024-12-21 06:16:33.039481,2024-12-21 06:16:33.039863
2782,Female,18-24,2024-12-22 06:16:33.039481,2024-12-22 06:16:33.039863
2783,Female,35-44,2024-12-23 06:16:33.039481,2024-12-23 06:16:33.039863
2784,Female,45-54,2024-12-24 06:16:33.039481,2024-12-24 06:16:33.039863
2785,Male,45-54,2024-12-25 06:16:33.039481,2024-12-25 06:16:33.039863
2786,Female,45-54,2024-12-26 06:16:33.039481,2024-12-26 06:16:33.039863
2787,Male,18-24,2024-12-27 06:16:33.039481,2024-12-27 06:16:33.039863
2788,Female,25-34,2024-12-28 06:16:33.039481,2024-12-28 06:16:33.039863
2789,Male,18-24,2024-12-29 06:16:33.039481,2024-12-29 06:16:33.039863
2790,Male,45-54,2024-12-30 06:16:33.039481,2024-12-30 06:16:33.039863
2791,Female,35-44,2024-12-31 06:16:33.039481,2024-12-31 06:16:33.039863
2792,Female,45-54,2025-01-01 06:16:33.039481,2025-01-01 06:16:33.039863
2793,Male,35-44,2025-01-02 06:16:33.039481,2025-01-02 06:16:33.039863
2794,Female,25-34,2025-01-03 06:16:33.039481,2025-01-03 06:16:33.039863
2795,Female,35-44,2025-01-04 06:16:33.039481,2025-01-04 06:16:33.039863
2796,Male,18-24,2025-01-05 06:16:33.039481,2025-01-05 06:16:33.039863
2797,Male,18-24,2025-01-06 06:16:33.039481,2025-01-06 06:16:33.039863
2798,Male,18-24,2025-01-07 06:16:33.039481,2025-01-07 06:16:33.039863
2799,Male,35-44,2025-01-08 06:16:33.039481,2025-01-08 06:16:33.039863
2800,Female,18-24,2025-01-09 06:16:33.039481,2025-01-09 06:16:33.039863
2801,Male,18-24,2025-01-10 06:16:33.039481,2025-01-10 06:16:33.039863
2802,Male,18-24,2025-01-11 06:16:33.039481,2025-01-11 06:16:33.039863
2803,Male,25-34,2025-01-12 06:16:33.039481,2025-01-12 06:16:33.039863
2804,Female,35-44,2025-01-13 06:16:33.039481,2025-01-13 06:16:33.039863
2805,Male,35-44,2025-01-14 06:16:33.039481,2025-01-14 06:16:33.039863
2806,Female,45-54,2025-01-15 06:16:33.039481,2025-01-15 06:16:33.039863
2807,Male,35-44,2025-01-16 06:16:33.039481,2025-01-16 06:16:33.039863
2808,Male,25-34,2025-01-17 06:16:33.039481,2025-01-17 06:16:33.039863
2809,Female,35-44,2025-01-18 06:16:33.039481,2025-01-18 06:16:33.039863
2810,Male,25-34,2025-01-19 06:16:33.039481,2025-01-19 06:16:33.039863
2811,Male,25-34,2025-01-20 06:16:33.039481,2025-01-20 06:16:33.039863
2812,Female,35-44,2025-01-21 06:16:33.039481,2025-01-21 06:16:33.039863
2813,Male,45-54,2025-01-22 06:16:33.039481,2025-01-22 06:16:33.039863
2814,Male,18-24,2025-01-23 06:16:33.039481,2025-01-23 06:16:33.039863
2815,Male,18-24,2025-01-24 06:16:33.039481,2025-01-24 06:16:33.039863
2816,Male,35-44,2025-01-25 06:16:33.039481,2025-01-25 06:16:33.039863
2817,Female,35-44,2025-01-26 06:16:33.039481,2025-01-26 06:16:33.039863
2818,Male,25-34,2025-01-27 06:16:33.039481,2025-01-27 06:16:33.039863
2819,Female,35-44,2025-01-28 06:16:33.039481,2025-01-28 06:16:33.039863
2820,Male,25-34,2025-01-29 06:16:33.039481,2025-01-29 06:16:33.039863
2821,Female,45-54,2025-01-30 06:16:33.039481,2025-01-30 06:16:33.039863
2822,Male,35-44,2025-01-31 06:16:33.039481,2025-01-31 06:16:33.039863
2823,Female,18-24,2025-02-01 06:16:33.039481,2025-02-01 06:16:33.039863
2824,Male,18-24,2025-02-02 06:16:33.039481,2025-02-02 06:16:33.039863
2825,Female,35-44,2025-02-03 06:16:33.039481,2025-02-03 06:16:33.039863
2826,Female,25-34,2025-02-04 06:16:33.039481,2025-02-04 06:16:33.039863
2827,Male,18-24,2025-02-05 06:16:33.039481,2025-02-05 06:16:33.039863
2828,Female,25-34,2025-02-06 06:16:33.039481,2025-02-06 06:16:33.039863
2829,Male,35-44,2025-02-07 06:16:33.039481,2025-02-07 06:16:33.039863
2830,Male,35-44,2025-02-08 06:16:33.039481,2025-02-08 06:16:33.039863
2831,Male,18-24,2025-02-09 06:16:33.039481,2025-02-09 06:16:33.039863
2832,Male,35-44,2025-02-10 06:16:33.039481,2025-02-10 06:16:33.039863
2833,Male,45-54,2025-02-11 06:16:33.039481,2025-02-11 06:16:33.039863
2834,Female,45-54,2025-02-12 06:16:33.039481,2025-02-12 06:16:33.039863
2835,Male,18-24,2025-02-13 06:16:33.039481,2025-02-13 06:16:33.039863
2836,Male,45-54,2025-02-14 06:16:33.039481,2025-02-14 06:16:33.039863
2837,Male,25-34,2025-02-15 06:16:33.039481,2025-02-15 06:16:33.039863
2838,Male,18-24,2025-02-16 06:16:33.039481,2025-02-16 06:16:33.039863
2839,Male,18-24,2025-02-17 06:16:33.039481,2025-02-17 06:16:33.039863
2840,Male,25-34,2025-02-18 06:16:33.039481,2025-02-18 06:16:33.039863
2841,Female,45-54,2025-02-19 06:16:33.039481,2025-02-19 06:16:33.039863
2842,Female,45-54,2025-02-20 06:16:33.039481,2025-02-20 06:16:33.039863
2843,Male,45-54,2025-02-21 06:16:33.039481,2025-02-21 06:16:33.039863
2844,Female,18-24,2025-02-22 06:16:33.039481,2025-02-22 06:16:33.039863
2845,Male,18-24,2025-02-23 06:16:33.039481,2025-02-23 06:16:33.039863
2846,Male,45-54,2025-02-24 06:16:33.039481,2025-02-24 06:16:33.039863
2847,Male,35-44,2025-02-25 06:16:33.039481,2025-02-25 06:16:33.039863
2848,Male,45-54,2025-02-26 06:16:33.039481,2025-02-26 06:16:33.039863
2849,Male,25-34,2025-02-27 06:16:33.039481,2025-02-27 06:16:33.039863
2850,Female,18-24,2025-02-28 06:16:33.039481,2025-02-28 06:16:33.039863
2851,Female,25-34,2025-03-01 06:16:33.039481,2025-03-01 06:16:33.039863
2852,Female,25-34,2025-03-02 06:16:33.039481,2025-03-02 06:16:33.039863
2853,Female,18-24,2025-03-03 06:16:33.039481,2025-03-03 06:16:33.039863
2854,Male,35-44,2025-03-04 06:16:33.039481,2025-03-04 06:16:33.039863
2855,Female,45-54,2025-03-05 06:16:33.039481,2025-03-05 06:16:33.039863
2856,Male,25-34,2025-03-06 06:16:33.039481,2025-03-06 06:16:33.039863
2857,Female,18-24,2025-03-07 06:16:33.039481,2025-03-07 06:16:33.039863
2858,Female,25-34,2025-03-08 06:16:33.039481,2025-03-08 06:16:33.039863
2859,Female,45-54,2025-03-09 06:16:33.039481,2025-03-09 06:16:33.039863
2860,Female,35-44,2025-03-10 06:16:33.039481,2025-03-10 06:16:33.039863
2861,Male,35-44,2025-03-11 06:16:33.039481,2025-03-11 06:16:33.039863
2862,Female,35-44,2025-03-12 06:16:33.039481,2025-03-12 06:16:33.039863
2863,Female,18-24,2025-03-13 06:16:33.039481,2025-03-13 06:16:33.039863
2864,Male,18-24,2025-03-14 06:16:33.039481,2025-03-14 06:16:33.039863
2865,Male,35-44,2025-03-15 06:16:33.039481,2025-03-15 06:16:33.039863
2866,Female,45-54,2025-03-16 06:16:33.039481,2025-03-16 06:16:33.039863
2867,Male,45-54,2025-03-17 06:16:33.039481,2025-03-17 06:16:33.039863
2868,Male,18-24,2025-03-18 06:16:33.039481,2025-03-18 06:16:33.039863
2869,Male,35-44,2025-03-19 06:16:33.039481,2025-03-19 06:16:33.039863
2870,Female,45-54,2025-03-20 06:16:33.039481,2025-03-20 06:16:33.039863
2871,Male,45-54,2025-03-21 06:16:33.039481,2025-03-21 06:16:33.039863
2872,Female,45-54,2025-03-22 06:16:33.039481,2025-03-22 06:16:33.039863
2873,Female,18-24,2025-03-23 06:16:33.039481,2025-03-23 06:16:33.039863
2874,Female,35-44,2025-03-24 06:16:33.039481,2025-03-24 06:16:33.039863
2875,Female,25-34,2025-03-25 06:16:33.039481,2025-03-25 06:16:33.039863
2876,Male,35-44,2025-03-26 06:16:33.039481,2025-03-26 06:16:33.039863
2877,Female,35-44,2025-03-27 06:16:33.039481,2025-03-27 06:16:33.039863
2878,Male,18-24,2025-03-28 06:16:33.039481,2025-03-28 06:16:33.039863
2879,Female,45-54,2025-03-29 06:16:33.039481,2025-03-29 06:16:33.039863
2880,Male,45-54,2025-03-30 06:16:33.039481,2025-03-30 06:16:33.039863
2881,Female,18-24,2025-03-31 06:16:33.039481,2025-03-31 06:16:33.039863
2882,Male,18-24,2025-04-01 06:16:33.039481,2025-04-01 06:16:33.039863
2883,Female,18-24,2025-04-02 06:16:33.039481,2025-04-02 06:16:33.039863
2884,Female,18-24,2025-04-03 06:16:33.039481,2025-04-03 06:16:33.039863
2885,Male,18-24,2025-04-04 06:16:33.039481,2025-04-04 06:16:33.039863
2886,Female,25-34,2025-04-05 06:16:33.039481,2025-04-05 06:16:33.039863
2887,Female,35-44,2025-04-06 06:16:33.039481,2025-04-06 06:16:33.039863
2888,Female,35-44,2025-04-07 06:16:33.039481,2025-04-07 06:16:33.039863
2889,Male,35-44,2025-04-08 06:16:33.039481,2025-04-08 06:16:33.039863
2890,Female,45-54,2025-04-09 06:16:33.039481,2025-04-09 06:16:33.039863
2891,Female,25-34,2025-04-10 06:16:33.039481,2025-04-10 06:16:33.039863
2892,Male,35-44,2025-04-11 06:16:33.039481,2025-04-11 06:16:33.039863
2893,Male,45-54,2025-04-12 06:16:33.039481,2025-04-12 06:16:33.039863
2894,Male,25-34,2025-04-13 06:16:33.039481,2025-04-13 06:16:33.039863
2895,Male,25-34,2025-04-14 06:16:33.039481,2025-04-14 06:16:33.039863
2896,Male,45-54,2025-04-15 06:16:33.039481,2025-04-15 06:16:33.039863
2897,Female,25-34,2025-04-16 06:16:33.039481,2025-04-16 06:16:33.039863
2898,Female,45-54,2025-04-17 06:16:33.039481,2025-04-17 06:16:33.039863
2899,Female,35-44,2025-04-18 06:16:33.039481,2025-04-18 06:16:33.039863
2900,Male,45-54,2025-04-19 06:16:33.039481,2025-04-19 06:16:33.039863
2901,Female,25-34,2025-04-20 06:16:33.039481,2025-04-20 06:16:33.039863
2902,Male,35-44,2025-04-21 06:16:33.039481,2025-04-21 06:16:33.039863
2903,Male,35-44,2025-04-22 06:16:33.039481,2025-04-22 06:16:33.039863
2904,Female,18-24,2025-04-23 06:16:33.039481,2025-04-23 06:16:33.039863
2905,Male,18-24,2025-04-24 06:16:33.039481,2025-04-24 06:16:33.039863
2906,Male,25-34,2025-04-25 06:16:33.039481,2025-04-25 06:16:33.039863
2907,Female,45-54,2025-04-26 06:16:33.039481,2025-04-26 06:16:33.039863
2908,Male,45-54,2025-04-27 06:16:33.039481,2025-04-27 06:16:33.039863
2909,Male,25-34,2025-04-28 06:16:33.039481,2025-04-28 06:16:33.039863
2910,Female,35-44,2025-04-29 06:16:33.039481,2025-04-29 06:16:33.039863
2911,Male,25-34,2025-04-30 06:16:33.039481,2025-04-30 06:16:33.039863
2912,Male,25-34,2025-05-01 06:16:33.039481,2025-05-01 06:16:33.039863
2913,Female,35-44,2025-05-02 06:16:33.039481,2025-05-02 06:16:33.039863
2914,Female,45-54,2025-05-03 06:16:33.039481,2025-05-03 06:16:33.039863
2915,Female,25-34,2025-05-04 06:16:33.039481,2025-05-04 06:16:33.039863
2916,Female,45-54,2025-05-05 06:16:33.039481,2025-05-05 06:16:33.039863
2917,Male,25-34,2025-05-06 06:16:33.039481,2025-05-06 06:16:33.039863
2918,Male,35-44,2025-05-07 06:16:33.039481,2025-05-07 06:16:33.039863
2919,Female,35-44,2025-05-08 06:16:33.039481,2025-05-08 06:16:33.039863
2920,Male,18-24,2025-05-09 06:16:33.039481,2025-05-09 06:16:33.039863
2921,Male,35-44,2025-05-10 06:16:33.039481,2025-05-10 06:16:33.039863
2922,Female,18-24,2025-05-11 06:16:33.039481,2025-05-11 06:16:33.039863
2923,Female,25-34,2025-05-12 06:16:33.039481,2025-05-12 06:16:33.039863
2924,Male,45-54,2025-05-13 06:16:33.039481,2025-05-13 06:16:33.039863
2925,Female,35-44,2025-05-14 06:16:33.039481,2025-05-14 06:16:33.039863
2926,Female,35-44,2025-05-15 06:16:33.039481,2025-05-15 06:16:33.039863
2927,Female,35-44,2025-05-16 06:16:33.039481,2025-05-16 06:16:33.039863
2928,Male,25-34,2025-05-17 06:16:33.039481,2025-05-17 06:16:33.039863
2929,Female,18-24,2025-05-18 06:16:33.039481,2025-05-18 06:16:33.039863
2930,Male,25-34,2025-05-19 06:16:33.039481,2025-05-19 06:16:33.039863
2931,Male,45-54,2025-05-20 06:16:33.039481,2025-05-20 06:16:33.039863
2932,Male,25-34,2025-05-21 06:16:33.039481,2025-05-21 06:16:33.039863
2933,Female,45-54,2025-05-22 06:16:33.039481,2025-05-22 06:16:33.039863
2934,Female,35-44,2025-05-23 06:16:33.039481,2025-05-23 06:16:33.039863
2935,Female,45-54,2025-05-24 06:16:33.039481,2025-05-24 06:16:33.039863
2936,Female,45-54,2025-05-25 06:16:33.039481,2025-05-25 06:16:33.039863
2937,Female,18-24,2025-05-26 06:16:33.039481,2025-05-26 06:16:33.039863
2938,Male,45-54,2025-05-27 06:16:33.039481,2025-05-27 06:16:33.039863
2939,Male,45-54,2025-05-28 06:16:33.039481,2025-05-28 06:16:33.039863
2940,Male,25-34,2025-05-29 06:16:33.039481,2025-05-29 06:16:33.039863
2941,Female,35-44,2025-05-30 06:16:33.039481,2025-05-30 06:16:33.039863
2942,Male,25-34,2025-05-31 06:16:33.039481,2025-05-31 06:16:33.039863
2943,Male,25-34,2025-06-01 06:16:33.039481,2025-06-01 06:16:33.039863
2944,Female,35-44,2025-06-02 06:16:33.039481,2025-06-02 06:16:33.039863
2945,Female,35-44,2025-06-03 06:16:33.039481,2025-06-03 06:16:33.039863
2946,Male,45-54,2025-06-04 06:16:33.039481,2025-06-04 06:16:33.039863
2947,Male,45-54,2025-06-05 06:16:33.039481,2025-06-05 06:16:33.039863
2948,Female,18-24,2025-06-06 06:16:33.039481,2025-06-06 06:16:33.039863
2949,Female,25-34,2025-06-07 06:16:33.039481,2025-06-07 06:16:33.039863
2950,Female,35-44,2025-06-08 06:16:33.039481,2025-06-08 06:16:33.039863
2951,Female,45-54,2025-06-09 06:16:33.039481,2025-06-09 06:16:33.039863
2952,Male,35-44,2025-06-10 06:16:33.039481,2025-06-10 06:16:33.039863
2953,Male,45-54,2025-06-11 06:16:33.039481,2025-06-11 06:16:33.039863
2954,Female,18-24,2025-06-12 06:16:33.039481,2025-06-12 06:16:33.039863
2955,Male,18-24,2025-06-13 06:16:33.039481,2025-06-13 06:16:33.039863
2956,Male,35-44,2025-06-14 06:16:33.039481,2025-06-14 06:16:33.039863
2957,Female,18-24,2025-06-15 06:16:33.039481,2025-06-15 06:16:33.039863
2958,Male,35-44,2025-06-16 06:16:33.039481,2025-06-16 06:16:33.039863
2959,Male,45-54,2025-06-17 06:16:33.039481,2025-06-17 06:16:33.039863
2960,Male,25-34,2025-06-18 06:16:33.039481,2025-06-18 06:16:33.039863
2961,Female,18-24,2025-06-19 06:16:33.039481,2025-06-19 06:16:33.039863
2962,Female,45-54,2025-06-20 06:16:33.039481,2025-06-20 06:16:33.039863
2963,Male,25-34,2025-06-21 06:16:33.039481,2025-06-21 06:16:33.039863
2964,Female,25-34,2025-06-22 06:16:33.039481,2025-06-22 06:16:33.039863
2965,Female,25-34,2025-06-23 06:16:33.039481,2025-06-23 06:16:33.039863
2966,Female,45-54,2025-06-24 06:16:33.039481,2025-06-24 06:16:33.039863
2967,Male,45-54,2025-06-25 06:16:33.039481,2025-06-25 06:16:33.039863
2968,Male,35-44,2025-06-26 06:16:33.039481,2025-06-26 06:16:33.039863
2969,Female,25-34,2025-06-27 06:16:33.039481,2025-06-27 06:16:33.039863
2970,Male,25-34,2025-06-28 06:16:33.039481,2025-06-28 06:16:33.039863
2971,Male,25-34,2025-06-29 06:16:33.039481,2025-06-29 06:16:33.039863
2972,Male,35-44,2025-06-30 06:16:33.039481,2025-06-30 06:16:33.039863
2973,Male,25-34,2025-07-01 06:16:33.039481,2025-07-01 06:16:33.039863
2974,Male,45-54,2025-07-02 06:16:33.039481,2025-07-02 06:16:33.039863
2975,Female,25-34,2025-07-03 06:16:33.039481,2025-07-03 06:16:33.039863
2976,Male,18-24,2025-07-04 06:16:33.039481,2025-07-04 06:16:33.039863
2977,Male,45-54,2025-07-05 06:16:33.039481,2025-07-05 06:16:33.039863
2978,Male,35-44,2025-07-06 06:16:33.039481,2025-07-06 06:16:33.039863
2979,Female,25-34,2025-07-07 06:16:33.039481,2025-07-07 06:16:33.039863
2980,Female,18-24,2025-07-08 06:16:33.039481,2025-07-08 06:16:33.039863
2981,Female,35-44,2025-07-09 06:16:33.039481,2025-07-09 06:16:33.039863
2982,Male,35-44,2025-07-10 06:16:33.039481,2025-07-10 06:16:33.039863
2983,Female,45-54,2025-07-11 06:16:33.039481,2025-07-11 06:16:33.039863
2984,Female,35-44,2025-07-12 06:16:33.039481,2025-07-12 06:16:33.039863
2985,Female,35-44,2025-07-13 06:16:33.039481,2025-07-13 06:16:33.039863
2986,Female,35-44,2025-07-14 06:16:33.039481,2025-07-14 06:16:33.039863
2987,Male,35-44,2025-07-15 06:16:33.039481,2025-07-15 06:16:33.039863
2988,Female,25-34,2025-07-16 06:16:33.039481,2025-07-16 06:16:33.039863
2989,Female,25-34,2025-07-17 06:16:33.039481,2025-07-17 06:16:33.039863
2990,Male,25-34,2025-07-18 06:16:33.039481,2025-07-18 06:16:33.039863
2991,Male,25-34,2025-07-19 06:16:33.039481,2025-07-19 06:16:33.039863
2992,Female,18-24,2025-07-20 06:16:33.039481,2025-07-20 06:16:33.039863
2993,Male,25-34,2025-07-21 06:16:33.039481,2025-07-21 06:16:33.039863
2994,Female,35-44,2025-07-22 06:16:33.039481,2025-07-22 06:16:33.039863
2995,Male,25-34,2025-07-23 06:16:33.039481,2025-07-23 06:16:33.039863
2996,Male,25-34,2025-07-24 06:16:33.039481,2025-07-24 06:16:33.039863
2997,Female,45-54,2025-07-25 06:16:33.039481,2025-07-25 06:16:33.039863
2998,Male,35-44,2025-07-26 06:16:33.039481,2025-07-26 06:16:33.039863
2999,Female,25-34,2025-07-27 06:16:33.039481,2025-07-27 06:16:33.039863
