order_id,customer_id,product_id,order_date,revenue,payment_type,city
10001,2103,5005,2025-06-09 06:16:33.033458,3001.89,Net Banking,Mumbai
10002,2436,5033,2025-06-30 06:16:33.033458,8196.28,Credit Card,Delhi
10003,2861,5065,2025-05-25 06:16:33.033458,8641.43,Debit Card,Ahmedabad
10004,2271,5018,2025-06-05 06:16:33.033458,8495.84,Credit Card,Hyderabad
10005,2107,5096,2025-06-27 06:16:33.033458,9205.48,Debit Card,Delhi
10006,2072,5049,2025-05-05 06:16:33.033458,2671.96,Debit Card,Chennai
10007,2701,5011,2025-05-03 06:16:33.033458,7599.41,Cash on Delivery,Kolkata
10008,2021,5085,2025-06-12 06:16:33.033458,4713.29,Net Banking,Delhi
10009,2615,5026,2025-06-25 06:16:33.033458,8451.59,Net Banking,Delhi
10010,2122,5063,2025-05-29 06:16:33.033458,7339.21,Debit Card,Bangalore
10011,2467,5089,2025-05-21 06:16:33.033458,7809.18,UPI,Kolkata
10012,2215,5086,2025-06-09 06:16:33.033458,6630.39,UPI,Hyderabad
10013,2331,5059,2025-05-08 06:16:33.033458,1938.8,Credit Card,Delhi
10014,2459,5027,2025-05-30 06:16:33.033458,5541.26,Credit Card,Bangalore
10015,2088,5049,2025-06-20 06:16:33.033458,9849.76,Cash on Delivery,Mumbai
10016,2373,5077,2025-05-28 06:16:33.033458,9386.4,Debit Card,Kolkata
10017,2100,5033,2025-06-06 06:16:33.033458,623.1,Credit Card,Bangalore
10018,2872,5098,2025-05-29 06:16:33.033458,1815.19,Credit Card,Bangalore
10019,2664,5099,2025-07-19 06:16:33.033458,1490.94,Debit Card,Ahmedabad
10020,2131,5001,2025-04-30 06:16:33.033458,7314.6,Cash on Delivery,Bangalore
10021,2662,5021,2025-07-15 06:16:33.033458,8214.3,Credit Card,Ahmedabad
10022,2309,5055,2025-07-14 06:16:33.033458,2292.41,Cash on Delivery,Delhi
10023,2770,5006,2025-05-10 06:16:33.033458,5157.36,Net Banking,Delhi
10024,2344,5092,2025-06-06 06:16:33.033458,8438.89,Cash on Delivery,Mumbai
10025,2492,5081,2025-07-03 06:16:33.033458,7381.46,UPI,Chennai
10026,2414,5069,2025-05-11 06:16:33.033458,5513.92,UPI,Chennai
10027,2806,5095,2025-06-13 06:16:33.033458,5985.41,Cash on Delivery,Chennai
10028,2386,5005,2025-05-25 06:16:33.033458,5181.93,UPI,Ahmedabad
10029,2192,5003,2025-05-15 06:16:33.033458,3115.97,Net Banking,Kolkata
10030,2956,5053,2025-06-27 06:16:33.033458,5737.22,Debit Card,Kolkata
10031,2277,5023,2025-07-01 06:16:33.033458,6951.08,UPI,Mumbai
10032,2161,5053,2025-07-25 06:16:33.033458,8758.56,UPI,Kolkata
10033,2460,5037,2025-06-02 06:16:33.033458,6435.66,Cash on Delivery,Chennai
10034,2314,5074,2025-07-07 06:16:33.033458,7658.99,Net Banking,Chennai
10035,2022,5074,2025-07-20 06:16:33.033458,1768.7,Debit Card,Bangalore
10036,2253,5083,2025-05-28 06:16:33.033458,4723.26,Cash on Delivery,Kolkata
10037,2748,5017,2025-07-08 06:16:33.033458,291.45,Cash on Delivery,Delhi
10038,2857,5085,2025-07-11 06:16:33.033458,2617.45,Net Banking,Delhi
10039,2561,5078,2025-06-30 06:16:33.033458,7319.32,Debit Card,Bangalore
10040,2475,5073,2025-05-26 06:16:33.033458,9919.74,Net Banking,Bangalore
10041,2059,5001,2025-06-27 06:16:33.033458,1171.95,Debit Card,Bangalore
10042,2511,5051,2025-07-16 06:16:33.033458,4134.64,Net Banking,Delhi
10043,2682,5045,2025-06-04 06:16:33.033458,8040.7,Cash on Delivery,Chennai
10044,2476,5077,2025-05-20 06:16:33.033458,2199.55,Cash on Delivery,Bangalore
10045,2700,5004,2025-07-05 06:16:33.033458,5639.83,Credit Card,Mumbai
10046,2976,5062,2025-05-18 06:16:33.033458,7384.1,UPI,Ahmedabad
10047,2783,5065,2025-07-05 06:16:33.033458,6236.66,Net Banking,Bangalore
10048,2190,5032,2025-07-01 06:16:33.033458,2042.64,Credit Card,Ahmedabad
10049,2958,5034,2025-05-15 06:16:33.033458,3682.77,UPI,Hyderabad
10050,2687,5092,2025-05-10 06:16:33.033458,7881.16,Net Banking,Bangalore
10051,2958,5095,2025-05-20 06:16:33.033458,5631.42,Debit Card,Delhi
10052,2563,5072,2025-05-15 06:16:33.033458,251.25,UPI,Kolkata
10053,2876,5039,2025-05-08 06:16:33.033458,7657.71,Cash on Delivery,Bangalore
10054,2567,5026,2025-07-02 06:16:33.033458,546.05,Credit Card,Kolkata
10055,2244,5034,2025-05-20 06:16:33.033458,7508.19,UPI,Hyderabad
10056,2832,5054,2025-07-27 06:16:33.033458,2184.31,UPI,Mumbai
10057,2505,5003,2025-07-19 06:16:33.033458,9589.12,Cash on Delivery,Kolkata
10058,2131,5050,2025-06-17 06:16:33.033458,3805.82,Net Banking,Ahmedabad
10059,2485,5012,2025-05-12 06:16:33.033458,3403.93,Debit Card,Chennai
10060,2819,5065,2025-07-01 06:16:33.033458,1659.1,Cash on Delivery,Bangalore
10061,2647,5054,2025-06-14 06:16:33.033458,3194.92,Debit Card,Hyderabad
10062,2021,5005,2025-05-27 06:16:33.033458,8791.18,Net Banking,Hyderabad
10063,2841,5094,2025-07-13 06:16:33.033458,9964.08,UPI,Kolkata
10064,2167,5094,2025-06-03 06:16:33.033458,3809.43,Debit Card,Mumbai
10065,2274,5057,2025-06-19 06:16:33.033458,4596.38,Credit Card,Delhi
10066,2388,5017,2025-07-13 06:16:33.033458,7276.3,Credit Card,Bangalore
10067,2601,5047,2025-05-05 06:16:33.033458,8884.72,Cash on Delivery,Hyderabad
10068,2316,5023,2025-05-27 06:16:33.033458,6011.83,Net Banking,Mumbai
10069,2014,5079,2025-05-09 06:16:33.033458,4036.95,Cash on Delivery,Chennai
10070,2242,5085,2025-05-31 06:16:33.033458,4243.69,Cash on Delivery,Hyderabad
10071,2777,5014,2025-05-04 06:16:33.033458,7017.06,Cash on Delivery,Mumbai
10072,2346,5066,2025-07-16 06:16:33.033458,231.54,Credit Card,Delhi
10073,2565,5075,2025-05-30 06:16:33.033458,6271.98,Credit Card,Delhi
10074,2898,5051,2025-06-18 06:16:33.033458,3683.83,Cash on Delivery,Hyderabad
10075,2340,5038,2025-07-12 06:16:33.033458,7983.13,Credit Card,Ahmedabad
10076,2092,5064,2025-06-25 06:16:33.033458,1111.31,Net Banking,Hyderabad
10077,2367,5098,2025-07-24 06:16:33.033458,5964.38,Cash on Delivery,Kolkata
10078,2956,5038,2025-05-24 06:16:33.033458,4913.53,Credit Card,Bangalore
10079,2455,5050,2025-06-13 06:16:33.033458,6494.79,Debit Card,Mumbai
10080,2428,5098,2025-05-27 06:16:33.033458,835.57,Cash on Delivery,Hyderabad
10081,2509,5082,2025-05-02 06:16:33.033458,5883.84,Cash on Delivery,Bangalore
10082,2776,5030,2025-07-18 06:16:33.033458,5702.55,Net Banking,Kolkata
10083,2943,5079,2025-05-11 06:16:33.033458,5694.47,UPI,Bangalore
10084,2035,5091,2025-06-06 06:16:33.033458,6114.18,UPI,Hyderabad
10085,2206,5051,2025-05-13 06:16:33.033458,6829.39,Net Banking,Delhi
10086,2081,5063,2025-05-27 06:16:33.033458,8088.89,Net Banking,Mumbai
10087,2932,5098,2025-05-27 06:16:33.033458,2844.24,Net Banking,Mumbai
10088,2562,5052,2025-07-12 06:16:33.033458,8285.48,UPI,Delhi
10089,2872,5038,2025-05-30 06:16:33.033458,5082.91,Net Banking,Ahmedabad
10090,2388,5097,2025-04-30 06:16:33.033458,955.17,Credit Card,Hyderabad
10091,2002,5088,2025-06-14 06:16:33.033458,773.8,Cash on Delivery,Mumbai
10092,2390,5079,2025-07-15 06:16:33.033458,3475.54,Cash on Delivery,Hyderabad
10093,2566,5030,2025-07-21 06:16:33.033458,7891.99,Debit Card,Kolkata
10094,2106,5051,2025-05-20 06:16:33.033458,7135.27,Debit Card,Hyderabad
10095,2772,5081,2025-07-12 06:16:33.033458,7928.43,Cash on Delivery,Bangalore
10096,2822,5005,2025-05-25 06:16:33.033458,5269.24,Credit Card,Delhi
10097,2477,5029,2025-07-04 06:16:33.033458,4513.95,UPI,Ahmedabad
10098,2703,5004,2025-07-18 06:16:33.033458,1645.03,UPI,Hyderabad
10099,2402,5010,2025-06-23 06:16:33.033458,3416.29,Credit Card,Ahmedabad
10100,2730,5056,2025-05-19 06:16:33.033458,4453.39,UPI,Ahmedabad
10101,2556,5017,2025-06-14 06:16:33.033458,1068.28,Net Banking,Kolkata
10102,2162,5074,2025-07-17 06:16:33.033458,2362.0,Cash on Delivery,Chennai
10103,2202,5017,2025-06-26 06:16:33.033458,6062.61,Cash on Delivery,Delhi
10104,2958,5084,2025-07-21 06:16:33.033458,7409.5,Credit Card,Ahmedabad
10105,2996,5088,2025-05-04 06:16:33.033458,9983.81,UPI,Mumbai
10106,2270,5069,2025-05-17 06:16:33.033458,9344.51,Debit Card,Bangalore
10107,2863,5034,2025-06-24 06:16:33.033458,6497.14,Debit Card,Mumbai
10108,2816,5006,2025-07-06 06:16:33.033458,4328.23,UPI,Kolkata
10109,2271,5053,2025-05-01 06:16:33.033458,6434.54,Debit Card,Kolkata
10110,2456,5066,2025-04-29 06:16:33.033458,7899.39,Credit Card,Mumbai
10111,2462,5077,2025-06-25 06:16:33.033458,1359.69,Credit Card,Delhi
10112,2727,5043,2025-06-05 06:16:33.033458,4217.07,UPI,Mumbai
10113,2252,5075,2025-05-13 06:16:33.033458,8430.06,Debit Card,Hyderabad
10114,2702,5023,2025-06-01 06:16:33.033458,3961.56,Credit Card,Mumbai
10115,2296,5055,2025-06-28 06:16:33.033458,5804.35,Credit Card,Bangalore
10116,2725,5080,2025-06-02 06:16:33.033458,5960.14,Net Banking,Bangalore
10117,2720,5095,2025-07-01 06:16:33.033458,2007.87,Net Banking,Chennai
10118,2749,5075,2025-05-23 06:16:33.033458,3749.91,Credit Card,Bangalore
10119,2338,5016,2025-05-22 06:16:33.033458,3478.21,UPI,Mumbai
10120,2879,5008,2025-05-10 06:16:33.033458,456.73,Cash on Delivery,Bangalore
10121,2053,5004,2025-05-16 06:16:33.033458,437.08,Cash on Delivery,Delhi
10122,2792,5004,2025-05-13 06:16:33.033458,8350.63,Credit Card,Ahmedabad
10123,2922,5056,2025-07-17 06:16:33.033458,2876.09,Credit Card,Bangalore
10124,2217,5025,2025-05-25 06:16:33.033458,5277.17,Credit Card,Hyderabad
10125,2764,5067,2025-07-09 06:16:33.033458,3127.51,UPI,Delhi
10126,2188,5096,2025-06-27 06:16:33.033458,9418.66,Net Banking,Chennai
10127,2380,5067,2025-06-13 06:16:33.033458,2741.11,Credit Card,Hyderabad
10128,2493,5027,2025-07-26 06:16:33.033458,4410.64,Credit Card,Mumbai
10129,2041,5093,2025-05-15 06:16:33.033458,8752.76,Debit Card,Ahmedabad
10130,2157,5032,2025-06-20 06:16:33.033458,8450.95,UPI,Mumbai
10131,2015,5050,2025-05-06 06:16:33.033458,2023.79,Credit Card,Ahmedabad
10132,2813,5061,2025-07-16 06:16:33.033458,8065.9,Debit Card,Ahmedabad
10133,2065,5051,2025-05-25 06:16:33.033458,4690.23,Cash on Delivery,Mumbai
10134,2857,5019,2025-06-13 06:16:33.033458,4933.09,Credit Card,Hyderabad
10135,2839,5021,2025-06-17 06:16:33.033458,1508.1,Credit Card,Hyderabad
10136,2521,5005,2025-07-08 06:16:33.033458,989.89,Debit Card,Ahmedabad
10137,2344,5082,2025-05-01 06:16:33.033458,7333.81,UPI,Hyderabad
10138,2129,5092,2025-07-01 06:16:33.033458,5065.32,Credit Card,Ahmedabad
10139,2648,5042,2025-06-11 06:16:33.033458,4481.14,Cash on Delivery,Ahmedabad
10140,2472,5061,2025-06-20 06:16:33.033458,7349.18,Credit Card,Delhi
10141,2063,5022,2025-05-22 06:16:33.033458,7702.03,Cash on Delivery,Kolkata
10142,2139,5021,2025-06-27 06:16:33.033458,1757.3,Net Banking,Delhi
10143,2499,5070,2025-05-01 06:16:33.033458,6180.21,Net Banking,Mumbai
10144,2593,5001,2025-05-18 06:16:33.033458,1526.47,Cash on Delivery,Kolkata
10145,2392,5005,2025-06-13 06:16:33.033458,7563.48,UPI,Bangalore
10146,2675,5012,2025-05-13 06:16:33.033458,6638.16,Credit Card,Mumbai
10147,2419,5090,2025-05-23 06:16:33.033458,9574.82,Credit Card,Chennai
10148,2289,5046,2025-07-15 06:16:33.033458,875.79,Net Banking,Delhi
10149,2379,5034,2025-07-08 06:16:33.033458,759.14,Cash on Delivery,Hyderabad
10150,2773,5049,2025-05-15 06:16:33.033458,2965.43,Credit Card,Delhi
10151,2490,5078,2025-07-21 06:16:33.033458,2764.72,Credit Card,Hyderabad
10152,2231,5090,2025-05-07 06:16:33.033458,2620.39,UPI,Kolkata
10153,2041,5045,2025-06-05 06:16:33.033458,9081.29,Debit Card,Chennai
10154,2028,5027,2025-06-15 06:16:33.033458,2645.55,Net Banking,Kolkata
10155,2135,5073,2025-06-27 06:16:33.033458,2865.11,Net Banking,Chennai
10156,2201,5026,2025-06-30 06:16:33.033458,7642.1,Debit Card,Delhi
10157,2840,5047,2025-07-23 06:16:33.033458,4607.45,Credit Card,Hyderabad
10158,2780,5086,2025-04-30 06:16:33.033458,7811.76,UPI,Kolkata
10159,2930,5056,2025-07-25 06:16:33.033458,840.59,UPI,Chennai
10160,2033,5094,2025-07-09 06:16:33.033458,4978.2,Net Banking,Ahmedabad
10161,2048,5063,2025-05-09 06:16:33.033458,529.41,UPI,Mumbai
10162,2503,5048,2025-07-01 06:16:33.033458,814.0,Debit Card,Mumbai
10163,2407,5061,2025-07-14 06:16:33.033458,9083.09,Credit Card,Kolkata
10164,2574,5081,2025-07-18 06:16:33.033458,1564.6,Debit Card,Hyderabad
10165,2728,5026,2025-07-09 06:16:33.033458,5417.72,Cash on Delivery,Ahmedabad
10166,2805,5036,2025-05-19 06:16:33.033458,4228.74,Net Banking,Kolkata
10167,2099,5001,2025-05-16 06:16:33.033458,3603.96,UPI,Delhi
10168,2684,5008,2025-07-01 06:16:33.033458,9018.37,Cash on Delivery,Chennai
10169,2872,5099,2025-07-19 06:16:33.033458,413.87,UPI,Delhi
10170,2726,5052,2025-06-05 06:16:33.033458,6705.14,Credit Card,Mumbai
10171,2987,5079,2025-05-30 06:16:33.033458,9641.27,Credit Card,Chennai
10172,2547,5047,2025-05-09 06:16:33.033458,5689.65,Credit Card,Kolkata
10173,2961,5056,2025-06-12 06:16:33.033458,9380.86,UPI,Delhi
10174,2739,5086,2025-07-26 06:16:33.033458,712.13,Cash on Delivery,Bangalore
10175,2613,5014,2025-05-31 06:16:33.033458,4304.17,Credit Card,Hyderabad
10176,2943,5090,2025-06-08 06:16:33.033458,2749.55,Cash on Delivery,Ahmedabad
10177,2462,5028,2025-05-06 06:16:33.033458,7362.05,UPI,Ahmedabad
10178,2643,5087,2025-05-09 06:16:33.033458,9816.71,Cash on Delivery,Hyderabad
10179,2769,5078,2025-07-23 06:16:33.033458,2713.99,UPI,Bangalore
10180,2005,5088,2025-06-18 06:16:33.033458,6610.91,UPI,Mumbai
10181,2218,5002,2025-07-25 06:16:33.033458,2141.36,Net Banking,Chennai
10182,2503,5026,2025-06-08 06:16:33.033458,5740.24,UPI,Hyderabad
10183,2767,5014,2025-05-15 06:16:33.033458,4746.54,UPI,Bangalore
10184,2398,5059,2025-07-13 06:16:33.033458,9725.65,Debit Card,Kolkata
10185,2871,5056,2025-06-13 06:16:33.033458,6163.57,Credit Card,Ahmedabad
10186,2795,5007,2025-05-30 06:16:33.033458,3625.16,Net Banking,Bangalore
10187,2393,5003,2025-07-16 06:16:33.033458,1318.14,Net Banking,Mumbai
10188,2207,5023,2025-07-17 06:16:33.033458,1682.22,Net Banking,Mumbai
10189,2015,5018,2025-06-21 06:16:33.033458,2408.11,Debit Card,Delhi
10190,2858,5038,2025-07-23 06:16:33.033458,2659.47,UPI,Hyderabad
10191,2554,5099,2025-05-18 06:16:33.033458,8536.04,Credit Card,Delhi
10192,2892,5015,2025-05-31 06:16:33.033458,5699.98,Cash on Delivery,Ahmedabad
10193,2461,5064,2025-07-11 06:16:33.033458,5329.23,UPI,Bangalore
10194,2691,5089,2025-06-07 06:16:33.033458,1324.73,Debit Card,Chennai
10195,2575,5028,2025-05-30 06:16:33.033458,8629.37,UPI,Chennai
10196,2864,5074,2025-04-30 06:16:33.033458,7283.58,UPI,Mumbai
10197,2743,5039,2025-05-31 06:16:33.033458,863.15,Debit Card,Chennai
10198,2241,5057,2025-07-14 06:16:33.033458,7136.78,Net Banking,Chennai
10199,2564,5017,2025-05-28 06:16:33.033458,5526.67,Net Banking,Ahmedabad
10200,2096,5086,2025-05-31 06:16:33.033458,1000.91,Credit Card,Chennai
10201,2900,5090,2025-07-14 06:16:33.033458,4691.35,Credit Card,Bangalore
10202,2734,5044,2025-05-24 06:16:33.033458,4950.02,Net Banking,Chennai
10203,2485,5025,2025-05-20 06:16:33.033458,1824.59,Cash on Delivery,Kolkata
10204,2407,5017,2025-07-03 06:16:33.033458,9467.84,UPI,Chennai
10205,2231,5013,2025-06-05 06:16:33.033458,8529.76,Cash on Delivery,Chennai
10206,2749,5084,2025-07-27 06:16:33.033458,6756.42,UPI,Delhi
10207,2655,5025,2025-06-13 06:16:33.033458,4730.5,Net Banking,Bangalore
10208,2171,5068,2025-05-13 06:16:33.033458,4235.3,Credit Card,Mumbai
10209,2541,5010,2025-06-11 06:16:33.033458,6579.54,Credit Card,Delhi
10210,2036,5067,2025-06-16 06:16:33.033458,5545.23,Cash on Delivery,Hyderabad
10211,2525,5018,2025-07-12 06:16:33.033458,810.28,Credit Card,Bangalore
10212,2160,5086,2025-06-28 06:16:33.033458,5222.53,Net Banking,Kolkata
10213,2839,5034,2025-07-04 06:16:33.033458,8102.76,Cash on Delivery,Bangalore
10214,2699,5008,2025-05-04 06:16:33.033458,4700.55,UPI,Hyderabad
10215,2243,5040,2025-05-07 06:16:33.033458,709.17,Credit Card,Hyderabad
10216,2086,5083,2025-05-04 06:16:33.033458,7905.53,Debit Card,Hyderabad
10217,2796,5042,2025-07-10 06:16:33.033458,2173.37,Credit Card,Ahmedabad
10218,2578,5041,2025-05-30 06:16:33.033458,2734.48,UPI,Mumbai
10219,2682,5006,2025-06-08 06:16:33.033458,1814.12,Cash on Delivery,Chennai
10220,2557,5052,2025-07-13 06:16:33.033458,3436.11,UPI,Bangalore
10221,2574,5026,2025-05-06 06:16:33.033458,7616.16,Debit Card,Ahmedabad
10222,2953,5064,2025-07-09 06:16:33.033458,5289.98,Net Banking,Chennai
10223,2646,5098,2025-06-17 06:16:33.033458,2207.84,Credit Card,Chennai
10224,2796,5059,2025-06-29 06:16:33.033458,8802.73,Cash on Delivery,Kolkata
10225,2028,5056,2025-07-21 06:16:33.033458,8819.9,Net Banking,Hyderabad
10226,2620,5059,2025-06-29 06:16:33.033458,8731.67,UPI,Mumbai
10227,2556,5070,2025-05-05 06:16:33.033458,2540.2,Cash on Delivery,Kolkata
10228,2340,5033,2025-07-12 06:16:33.033458,4622.15,Net Banking,Delhi
10229,2798,5053,2025-07-21 06:16:33.033458,9852.9,Cash on Delivery,Ahmedabad
10230,2958,5022,2025-07-17 06:16:33.033458,7765.72,Debit Card,Ahmedabad
10231,2331,5021,2025-05-02 06:16:33.033458,466.24,Debit Card,Mumbai
10232,2640,5070,2025-05-04 06:16:33.033458,839.0,Credit Card,Chennai
10233,2506,5070,2025-06-25 06:16:33.033458,4746.53,Credit Card,Ahmedabad
10234,2348,5004,2025-05-20 06:16:33.033458,9110.36,Debit Card,Mumbai
10235,2473,5094,2025-05-24 06:16:33.033458,5479.28,Cash on Delivery,Ahmedabad
10236,2231,5075,2025-05-01 06:16:33.033458,5078.56,Debit Card,Ahmedabad
10237,2190,5062,2025-06-08 06:16:33.033458,1233.64,Credit Card,Hyderabad
10238,2225,5062,2025-06-27 06:16:33.033458,6636.45,Debit Card,Delhi
10239,2385,5094,2025-05-12 06:16:33.033458,8256.61,Debit Card,Hyderabad
10240,2377,5095,2025-07-12 06:16:33.033458,3928.12,Cash on Delivery,Delhi
10241,2283,5024,2025-07-19 06:16:33.033458,7801.0,Net Banking,Ahmedabad
10242,2958,5055,2025-05-10 06:16:33.033458,9651.87,Credit Card,Kolkata
10243,2633,5009,2025-07-24 06:16:33.033458,2196.91,Cash on Delivery,Chennai
10244,2628,5003,2025-05-10 06:16:33.033458,5328.63,Debit Card,Ahmedabad
10245,2973,5031,2025-05-11 06:16:33.033458,3013.95,Debit Card,Delhi
10246,2745,5040,2025-05-23 06:16:33.033458,7969.97,Net Banking,Delhi
10247,2259,5036,2025-06-12 06:16:33.033458,5860.41,Credit Card,Delhi
10248,2359,5024,2025-05-17 06:16:33.033458,6418.91,Credit Card,Ahmedabad
10249,2710,5095,2025-06-22 06:16:33.033458,8019.56,UPI,Mumbai
10250,2456,5006,2025-06-12 06:16:33.033458,4080.51,Credit Card,Kolkata
10251,2411,5066,2025-05-06 06:16:33.033458,9167.88,Net Banking,Mumbai
10252,2649,5084,2025-06-20 06:16:33.033458,5423.68,UPI,Chennai
10253,2318,5092,2025-06-22 06:16:33.033458,1747.96,UPI,Ahmedabad
10254,2677,5075,2025-05-30 06:16:33.033458,7019.81,Debit Card,Delhi
10255,2225,5004,2025-06-18 06:16:33.033458,7973.96,Debit Card,Kolkata
10256,2819,5079,2025-06-11 06:16:33.033458,3304.26,Credit Card,Kolkata
10257,2234,5006,2025-07-19 06:16:33.033458,8600.36,UPI,Bangalore
10258,2684,5094,2025-07-07 06:16:33.033458,9080.2,Debit Card,Chennai
10259,2664,5051,2025-05-16 06:16:33.033458,2913.66,Net Banking,Kolkata
10260,2975,5062,2025-07-20 06:16:33.033458,9838.51,Debit Card,Ahmedabad
10261,2827,5057,2025-05-20 06:16:33.033458,1578.97,Debit Card,Delhi
10262,2374,5066,2025-06-04 06:16:33.033458,2179.75,UPI,Delhi
10263,2672,5079,2025-06-23 06:16:33.033458,2005.4,UPI,Kolkata
10264,2608,5075,2025-06-26 06:16:33.033458,8961.1,Cash on Delivery,Mumbai
10265,2472,5008,2025-05-01 06:16:33.033458,6612.07,Net Banking,Chennai
10266,2233,5026,2025-05-26 06:16:33.033458,1690.62,UPI,Delhi
10267,2692,5051,2025-07-11 06:16:33.033458,4515.17,Credit Card,Kolkata
10268,2113,5045,2025-06-02 06:16:33.033458,6229.92,Net Banking,Delhi
10269,2830,5044,2025-06-28 06:16:33.033458,1017.95,Net Banking,Kolkata
10270,2497,5005,2025-06-21 06:16:33.033458,8847.68,UPI,Chennai
10271,2442,5070,2025-06-30 06:16:33.033458,8075.31,Net Banking,Kolkata
10272,2564,5026,2025-07-16 06:16:33.033458,5151.03,UPI,Bangalore
10273,2268,5068,2025-05-05 06:16:33.033458,9677.84,Debit Card,Kolkata
10274,2510,5019,2025-07-13 06:16:33.033458,4294.06,Cash on Delivery,Kolkata
10275,2807,5084,2025-06-16 06:16:33.033458,9844.28,Debit Card,Ahmedabad
10276,2386,5097,2025-07-22 06:16:33.033458,6745.62,UPI,Chennai
10277,2387,5020,2025-05-29 06:16:33.033458,6419.78,UPI,Ahmedabad
10278,2113,5012,2025-06-25 06:16:33.033458,1826.36,Debit Card,Kolkata
10279,2613,5047,2025-06-28 06:16:33.033458,8842.89,Credit Card,Chennai
10280,2625,5001,2025-05-22 06:16:33.033458,4389.4,Credit Card,Bangalore
10281,2952,5090,2025-05-18 06:16:33.033458,1789.89,Credit Card,Chennai
10282,2081,5014,2025-06-04 06:16:33.033458,323.55,UPI,Delhi
10283,2699,5064,2025-05-02 06:16:33.033458,5685.61,Net Banking,Ahmedabad
10284,2113,5038,2025-05-18 06:16:33.033458,5368.52,UPI,Chennai
10285,2002,5037,2025-06-27 06:16:33.033458,7249.67,Net Banking,Bangalore
10286,2642,5011,2025-05-22 06:16:33.033458,8924.53,Debit Card,Hyderabad
10287,2220,5077,2025-06-17 06:16:33.033458,978.18,Cash on Delivery,Kolkata
10288,2566,5003,2025-06-16 06:16:33.033458,7368.67,Net Banking,Chennai
10289,2855,5033,2025-06-18 06:16:33.033458,2036.64,Credit Card,Kolkata
10290,2997,5006,2025-06-03 06:16:33.033458,8610.14,UPI,Mumbai
10291,2736,5050,2025-07-03 06:16:33.033458,8226.82,Debit Card,Delhi
10292,2225,5010,2025-07-16 06:16:33.033458,5499.78,Credit Card,Ahmedabad
10293,2385,5005,2025-06-01 06:16:33.033458,7160.38,Debit Card,Delhi
10294,2403,5023,2025-06-03 06:16:33.033458,3280.63,Cash on Delivery,Mumbai
10295,2638,5010,2025-05-04 06:16:33.033458,4817.45,UPI,Mumbai
10296,2130,5044,2025-06-06 06:16:33.033458,8252.04,UPI,Ahmedabad
10297,2053,5002,2025-06-09 06:16:33.033458,4700.8,Cash on Delivery,Chennai
10298,2684,5013,2025-06-25 06:16:33.033458,3706.42,UPI,Mumbai
10299,2730,5040,2025-05-10 06:16:33.033458,5043.28,Net Banking,Hyderabad
10300,2672,5002,2025-05-01 06:16:33.033458,8316.84,Debit Card,Kolkata
10301,2710,5084,2025-05-16 06:16:33.033458,3485.04,Credit Card,Kolkata
10302,2416,5065,2025-06-07 06:16:33.033458,1902.86,Cash on Delivery,Bangalore
10303,2247,5063,2025-05-19 06:16:33.033458,7177.74,Net Banking,Mumbai
10304,2836,5073,2025-05-13 06:16:33.033458,8294.59,Credit Card,Mumbai
10305,2439,5017,2025-05-24 06:16:33.033458,1186.25,Credit Card,Hyderabad
10306,2203,5009,2025-05-06 06:16:33.033458,2550.77,Cash on Delivery,Delhi
10307,2184,5075,2025-07-24 06:16:33.033458,1591.33,Net Banking,Delhi
10308,2123,5015,2025-06-09 06:16:33.033458,3609.83,Credit Card,Kolkata
10309,2401,5024,2025-06-11 06:16:33.033458,4613.44,Credit Card,Kolkata
10310,2767,5038,2025-05-12 06:16:33.033458,7538.5,Net Banking,Chennai
10311,2294,5035,2025-07-15 06:16:33.033458,6581.25,UPI,Ahmedabad
10312,2280,5094,2025-04-30 06:16:33.033458,6285.1,Credit Card,Hyderabad
10313,2837,5095,2025-06-04 06:16:33.033458,3653.27,Debit Card,Ahmedabad
10314,2884,5049,2025-07-06 06:16:33.033458,8446.19,Net Banking,Ahmedabad
10315,2610,5069,2025-06-05 06:16:33.033458,4818.61,Credit Card,Bangalore
10316,2198,5062,2025-06-08 06:16:33.033458,9795.23,Cash on Delivery,Ahmedabad
10317,2982,5060,2025-06-29 06:16:33.033458,6414.59,Debit Card,Bangalore
10318,2907,5050,2025-06-27 06:16:33.033458,1437.39,Credit Card,Ahmedabad
10319,2511,5078,2025-05-12 06:16:33.033458,6826.54,Debit Card,Hyderabad
10320,2752,5075,2025-07-26 06:16:33.033458,3386.02,Debit Card,Bangalore
10321,2144,5009,2025-07-21 06:16:33.033458,6926.01,UPI,Delhi
10322,2609,5034,2025-04-30 06:16:33.033458,882.48,Debit Card,Bangalore
10323,2201,5076,2025-07-07 06:16:33.033458,1913.84,UPI,Bangalore
10324,2124,5099,2025-05-15 06:16:33.033458,8586.23,Net Banking,Hyderabad
10325,2187,5035,2025-07-26 06:16:33.033458,2426.36,UPI,Hyderabad
10326,2326,5001,2025-05-26 06:16:33.033458,8403.0,Cash on Delivery,Bangalore
10327,2464,5040,2025-07-03 06:16:33.033458,2936.91,Credit Card,Mumbai
10328,2349,5064,2025-06-02 06:16:33.033458,6500.24,Net Banking,Hyderabad
10329,2771,5022,2025-05-03 06:16:33.033458,7002.68,Net Banking,Chennai
10330,2660,5060,2025-07-02 06:16:33.033458,5224.02,Cash on Delivery,Chennai
10331,2764,5064,2025-06-07 06:16:33.033458,3192.04,UPI,Delhi
10332,2955,5093,2025-07-13 06:16:33.033458,2283.91,Credit Card,Ahmedabad
10333,2932,5072,2025-06-23 06:16:33.033458,525.26,UPI,Bangalore
10334,2403,5011,2025-06-03 06:16:33.033458,3178.67,Debit Card,Mumbai
10335,2346,5014,2025-06-12 06:16:33.033458,6601.0,UPI,Delhi
10336,2963,5060,2025-05-21 06:16:33.033458,9395.39,Net Banking,Bangalore
10337,2511,5030,2025-06-14 06:16:33.033458,8737.8,Credit Card,Hyderabad
10338,2147,5035,2025-05-29 06:16:33.033458,7707.43,UPI,Chennai
10339,2148,5085,2025-05-09 06:16:33.033458,7926.78,Credit Card,Kolkata
10340,2864,5037,2025-05-08 06:16:33.033458,6716.85,Credit Card,Mumbai
10341,2711,5005,2025-07-04 06:16:33.033458,2750.81,Debit Card,Kolkata
10342,2820,5083,2025-05-12 06:16:33.033458,9090.51,Debit Card,Chennai
10343,2489,5078,2025-07-17 06:16:33.033458,6773.18,Net Banking,Ahmedabad
10344,2929,5026,2025-07-11 06:16:33.033458,5692.32,Cash on Delivery,Ahmedabad
10345,2936,5062,2025-05-08 06:16:33.033458,1287.7,Credit Card,Kolkata
10346,2640,5004,2025-07-13 06:16:33.033458,4581.14,Cash on Delivery,Hyderabad
10347,2551,5089,2025-04-29 06:16:33.033458,4711.51,Net Banking,Bangalore
10348,2338,5042,2025-05-03 06:16:33.033458,8672.72,Credit Card,Hyderabad
10349,2872,5089,2025-05-18 06:16:33.033458,5557.15,Credit Card,Kolkata
10350,2641,5018,2025-05-06 06:16:33.033458,3927.93,Cash on Delivery,Hyderabad
10351,2779,5040,2025-06-10 06:16:33.033458,9772.64,UPI,Chennai
10352,2988,5072,2025-07-13 06:16:33.033458,1285.06,Debit Card,Mumbai
10353,2953,5039,2025-04-29 06:16:33.033458,4340.97,UPI,Hyderabad
10354,2473,5014,2025-06-24 06:16:33.033458,611.84,Cash on Delivery,Chennai
10355,2946,5032,2025-07-01 06:16:33.033458,7451.06,Debit Card,Mumbai
10356,2151,5051,2025-07-21 06:16:33.033458,9197.15,UPI,Ahmedabad
10357,2415,5038,2025-05-26 06:16:33.033458,2944.37,Debit Card,Bangalore
10358,2990,5097,2025-06-04 06:16:33.033458,8611.75,Credit Card,Kolkata
10359,2298,5023,2025-06-14 06:16:33.033458,3063.74,UPI,Ahmedabad
10360,2611,5063,2025-07-13 06:16:33.033458,9125.55,Debit Card,Bangalore
10361,2263,5015,2025-06-04 06:16:33.033458,7588.83,Debit Card,Ahmedabad
10362,2764,5097,2025-06-16 06:16:33.033458,8088.09,Debit Card,Delhi
10363,2144,5025,2025-06-11 06:16:33.033458,376.46,UPI,Ahmedabad
10364,2346,5017,2025-06-23 06:16:33.033458,9635.54,Net Banking,Chennai
10365,2624,5097,2025-05-26 06:16:33.033458,7321.38,UPI,Mumbai
10366,2572,5066,2025-07-16 06:16:33.033458,3186.56,Cash on Delivery,Ahmedabad
10367,2881,5078,2025-05-04 06:16:33.033458,8328.07,UPI,Hyderabad
10368,2002,5053,2025-06-28 06:16:33.033458,2958.91,Debit Card,Bangalore
10369,2897,5051,2025-05-18 06:16:33.033458,8752.99,Credit Card,Ahmedabad
10370,2304,5039,2025-07-15 06:16:33.033458,1303.29,UPI,Mumbai
10371,2254,5051,2025-04-30 06:16:33.033458,7096.12,UPI,Chennai
10372,2652,5070,2025-07-10 06:16:33.033458,5498.85,Debit Card,Delhi
10373,2453,5006,2025-06-04 06:16:33.033458,1146.04,Credit Card,Bangalore
10374,2037,5067,2025-05-18 06:16:33.033458,2570.56,Credit Card,Kolkata
10375,2160,5007,2025-05-24 06:16:33.033458,321.56,Cash on Delivery,Mumbai
10376,2009,5051,2025-05-27 06:16:33.033458,4793.93,UPI,Kolkata
10377,2233,5072,2025-04-29 06:16:33.033458,3152.4,Credit Card,Mumbai
10378,2099,5042,2025-06-02 06:16:33.033458,6063.9,Credit Card,Mumbai
10379,2659,5064,2025-07-07 06:16:33.033458,3112.93,Net Banking,Chennai
10380,2816,5015,2025-06-26 06:16:33.033458,3139.21,Net Banking,Chennai
10381,2208,5029,2025-07-06 06:16:33.033458,7483.29,Credit Card,Chennai
10382,2131,5033,2025-05-31 06:16:33.033458,671.8,Cash on Delivery,Ahmedabad
10383,2404,5094,2025-06-18 06:16:33.033458,9048.37,Credit Card,Hyderabad
10384,2152,5027,2025-07-15 06:16:33.033458,8552.19,Debit Card,Mumbai
10385,2054,5036,2025-05-10 06:16:33.033458,6744.49,UPI,Bangalore
10386,2120,5029,2025-05-18 06:16:33.033458,6013.57,Cash on Delivery,Kolkata
10387,2673,5038,2025-06-20 06:16:33.033458,8944.56,Debit Card,Chennai
10388,2920,5057,2025-07-25 06:16:33.033458,2016.24,Cash on Delivery,Ahmedabad
10389,2628,5097,2025-06-10 06:16:33.033458,973.9,Debit Card,Chennai
10390,2587,5027,2025-07-26 06:16:33.033458,2547.2,UPI,Kolkata
10391,2625,5055,2025-06-17 06:16:33.033458,7986.87,UPI,Kolkata
10392,2968,5033,2025-05-27 06:16:33.033458,539.77,Net Banking,Mumbai
10393,2420,5068,2025-06-24 06:16:33.033458,5911.51,Debit Card,Chennai
10394,2422,5086,2025-06-06 06:16:33.033458,9955.29,Net Banking,Kolkata
10395,2104,5066,2025-06-23 06:16:33.033458,8585.82,Debit Card,Hyderabad
10396,2852,5010,2025-06-10 06:16:33.033458,5310.17,Net Banking,Hyderabad
10397,2254,5005,2025-06-17 06:16:33.033458,823.68,UPI,Chennai
10398,2227,5074,2025-05-21 06:16:33.033458,8347.46,Cash on Delivery,Ahmedabad
10399,2112,5097,2025-06-11 06:16:33.033458,6069.99,Net Banking,Kolkata
10400,2510,5038,2025-06-05 06:16:33.033458,1326.34,Debit Card,Mumbai
10401,2473,5013,2025-07-21 06:16:33.033458,1119.8,Debit Card,Mumbai
10402,2099,5031,2025-05-21 06:16:33.033458,9114.34,UPI,Ahmedabad
10403,2153,5047,2025-06-12 06:16:33.033458,6758.16,Debit Card,Mumbai
10404,2861,5088,2025-06-19 06:16:33.033458,8327.01,Credit Card,Delhi
10405,2914,5052,2025-07-17 06:16:33.033458,8813.99,Cash on Delivery,Chennai
10406,2896,5056,2025-06-17 06:16:33.033458,5803.37,Net Banking,Mumbai
10407,2878,5015,2025-05-06 06:16:33.033458,5270.97,Cash on Delivery,Hyderabad
10408,2338,5029,2025-07-22 06:16:33.033458,4418.19,UPI,Kolkata
10409,2706,5008,2025-04-29 06:16:33.033458,3306.08,Net Banking,Bangalore
10410,2822,5005,2025-05-06 06:16:33.033458,4459.04,Net Banking,Ahmedabad
10411,2163,5029,2025-05-27 06:16:33.033458,7784.02,Credit Card,Bangalore
10412,2720,5047,2025-05-03 06:16:33.033458,6098.85,UPI,Mumbai
10413,2957,5068,2025-07-23 06:16:33.033458,8946.73,Debit Card,Bangalore
10414,2681,5076,2025-06-14 06:16:33.033458,4545.12,Credit Card,Bangalore
10415,2996,5045,2025-06-01 06:16:33.033458,6149.48,Credit Card,Delhi
10416,2161,5002,2025-07-02 06:16:33.033458,6386.81,Cash on Delivery,Hyderabad
10417,2580,5027,2025-06-22 06:16:33.033458,5998.63,Cash on Delivery,Ahmedabad
10418,2801,5095,2025-07-27 06:16:33.033458,7085.81,Cash on Delivery,Hyderabad
10419,2398,5036,2025-06-10 06:16:33.033458,2526.85,Credit Card,Delhi
10420,2277,5036,2025-07-11 06:16:33.033458,5221.17,Debit Card,Delhi
10421,2816,5026,2025-05-28 06:16:33.033458,1221.4,Net Banking,Bangalore
10422,2916,5043,2025-07-19 06:16:33.033458,3968.21,Cash on Delivery,Chennai
10423,2504,5027,2025-05-15 06:16:33.033458,4979.14,Debit Card,Kolkata
10424,2896,5069,2025-05-24 06:16:33.033458,6591.8,UPI,Kolkata
10425,2392,5020,2025-05-06 06:16:33.033458,9515.2,Cash on Delivery,Bangalore
10426,2135,5011,2025-06-14 06:16:33.033458,6086.38,Net Banking,Kolkata
10427,2195,5074,2025-07-13 06:16:33.033458,7487.22,UPI,Delhi
10428,2401,5038,2025-07-09 06:16:33.033458,5161.41,UPI,Hyderabad
10429,2640,5006,2025-07-26 06:16:33.033458,6414.22,Net Banking,Kolkata
10430,2033,5072,2025-06-13 06:16:33.033458,895.14,Cash on Delivery,Ahmedabad
10431,2688,5023,2025-07-05 06:16:33.033458,2693.04,Credit Card,Bangalore
10432,2460,5047,2025-05-31 06:16:33.033458,3746.16,Net Banking,Chennai
10433,2955,5090,2025-04-29 06:16:33.033458,4830.43,Net Banking,Bangalore
10434,2883,5046,2025-05-17 06:16:33.033458,647.36,Net Banking,Mumbai
10435,2470,5012,2025-05-29 06:16:33.033458,1572.24,UPI,Bangalore
10436,2375,5090,2025-07-17 06:16:33.033458,2912.78,Debit Card,Delhi
10437,2022,5013,2025-05-12 06:16:33.033458,9721.02,Credit Card,Hyderabad
10438,2750,5062,2025-06-20 06:16:33.033458,3447.2,Cash on Delivery,Hyderabad
10439,2670,5082,2025-06-15 06:16:33.033458,4924.0,Cash on Delivery,Ahmedabad
10440,2038,5089,2025-07-06 06:16:33.033458,2121.76,Debit Card,Kolkata
10441,2230,5097,2025-07-27 06:16:33.033458,6185.64,Net Banking,Delhi
10442,2365,5060,2025-06-29 06:16:33.033458,2950.7,Credit Card,Mumbai
10443,2563,5043,2025-07-03 06:16:33.033458,2228.53,Cash on Delivery,Delhi
10444,2438,5076,2025-07-01 06:16:33.033458,5262.41,Cash on Delivery,Bangalore
10445,2776,5068,2025-07-07 06:16:33.033458,253.96,Net Banking,Delhi
10446,2283,5005,2025-06-30 06:16:33.033458,275.11,Debit Card,Delhi
10447,2027,5037,2025-07-10 06:16:33.033458,2346.87,Credit Card,Ahmedabad
10448,2226,5072,2025-05-31 06:16:33.033458,559.87,Debit Card,Mumbai
10449,2277,5092,2025-06-08 06:16:33.033458,1258.65,Debit Card,Bangalore
10450,2798,5031,2025-07-26 06:16:33.033458,3520.83,Credit Card,Chennai
10451,2609,5009,2025-06-15 06:16:33.033458,8065.34,Credit Card,Ahmedabad
10452,2284,5051,2025-05-11 06:16:33.033458,5806.08,Cash on Delivery,Chennai
10453,2879,5029,2025-07-10 06:16:33.033458,5224.14,Cash on Delivery,Ahmedabad
10454,2960,5078,2025-07-14 06:16:33.033458,3076.19,Credit Card,Hyderabad
10455,2481,5040,2025-05-29 06:16:33.033458,9331.19,UPI,Ahmedabad
10456,2453,5041,2025-07-12 06:16:33.033458,4090.75,Cash on Delivery,Kolkata
10457,2829,5086,2025-07-05 06:16:33.033458,1053.51,UPI,Delhi
10458,2816,5011,2025-05-02 06:16:33.033458,6247.25,Credit Card,Hyderabad
10459,2659,5023,2025-05-17 06:16:33.033458,1315.62,Cash on Delivery,Mumbai
10460,2516,5001,2025-07-07 06:16:33.033458,3583.19,Debit Card,Chennai
10461,2547,5046,2025-07-19 06:16:33.033458,5172.64,Credit Card,Ahmedabad
10462,2192,5021,2025-05-11 06:16:33.033458,8767.38,Net Banking,Delhi
10463,2049,5090,2025-05-21 06:16:33.033458,5036.76,UPI,Mumbai
10464,2512,5036,2025-07-20 06:16:33.033458,7082.14,Credit Card,Kolkata
10465,2017,5054,2025-07-12 06:16:33.033458,9929.61,Credit Card,Mumbai
10466,2172,5087,2025-04-29 06:16:33.033458,1488.59,Cash on Delivery,Delhi
10467,2220,5057,2025-07-25 06:16:33.033458,2892.37,Cash on Delivery,Kolkata
10468,2158,5001,2025-06-21 06:16:33.033458,4066.85,Cash on Delivery,Mumbai
10469,2477,5063,2025-07-08 06:16:33.033458,4333.92,Net Banking,Kolkata
10470,2046,5054,2025-07-26 06:16:33.033458,4228.01,Cash on Delivery,Ahmedabad
10471,2373,5055,2025-07-22 06:16:33.033458,9094.59,Credit Card,Ahmedabad
10472,2518,5040,2025-05-13 06:16:33.033458,7197.52,Cash on Delivery,Delhi
10473,2099,5015,2025-07-02 06:16:33.033458,6157.47,Debit Card,Delhi
10474,2892,5021,2025-07-13 06:16:33.033458,3231.85,Cash on Delivery,Kolkata
10475,2745,5047,2025-07-08 06:16:33.033458,8273.15,Net Banking,Bangalore
10476,2037,5073,2025-05-13 06:16:33.033458,9559.59,Debit Card,Hyderabad
10477,2280,5053,2025-05-19 06:16:33.033458,8247.74,Credit Card,Mumbai
10478,2349,5009,2025-05-17 06:16:33.033458,215.34,Credit Card,Mumbai
10479,2497,5074,2025-06-27 06:16:33.033458,6436.73,UPI,Bangalore
10480,2302,5052,2025-07-26 06:16:33.033458,701.13,Debit Card,Bangalore
10481,2181,5057,2025-05-31 06:16:33.033458,2724.55,UPI,Bangalore
10482,2607,5026,2025-06-16 06:16:33.033458,783.34,Debit Card,Chennai
10483,2099,5041,2025-06-02 06:16:33.033458,6117.2,Debit Card,Chennai
10484,2700,5035,2025-06-11 06:16:33.033458,6928.58,Net Banking,Kolkata
10485,2993,5063,2025-07-27 06:16:33.033458,1321.98,UPI,Chennai
10486,2116,5025,2025-05-09 06:16:33.033458,3961.62,Net Banking,Ahmedabad
10487,2191,5090,2025-07-09 06:16:33.033458,4671.12,Debit Card,Ahmedabad
10488,2253,5075,2025-07-15 06:16:33.033458,3816.72,Credit Card,Delhi
10489,2981,5038,2025-07-11 06:16:33.033458,1386.05,Debit Card,Kolkata
10490,2928,5002,2025-07-03 06:16:33.033458,4305.69,Net Banking,Mumbai
10491,2983,5007,2025-06-13 06:16:33.033458,7561.54,UPI,Hyderabad
10492,2161,5082,2025-05-07 06:16:33.033458,895.88,UPI,Delhi
10493,2256,5091,2025-05-01 06:16:33.033458,985.76,Net Banking,Mumbai
10494,2323,5034,2025-07-22 06:16:33.033458,3676.76,UPI,Mumbai
10495,2128,5091,2025-05-24 06:16:33.033458,9428.91,Cash on Delivery,Kolkata
10496,2018,5017,2025-07-09 06:16:33.033458,6752.01,Credit Card,Bangalore
10497,2793,5043,2025-06-15 06:16:33.033458,6850.97,Credit Card,Bangalore
10498,2735,5059,2025-07-03 06:16:33.033458,3746.82,Credit Card,Delhi
10499,2566,5051,2025-07-07 06:16:33.033458,6017.88,UPI,Bangalore
10500,2570,5054,2025-05-26 06:16:33.033458,299.29,UPI,Mumbai
10501,2323,5024,2025-05-24 06:16:33.033458,6433.74,Debit Card,Bangalore
10502,2872,5025,2025-05-23 06:16:33.033458,9150.21,Debit Card,Chennai
10503,2686,5071,2025-05-10 06:16:33.033458,6203.22,Credit Card,Bangalore
10504,2792,5052,2025-05-03 06:16:33.033458,8762.25,Cash on Delivery,Mumbai
10505,2626,5070,2025-06-15 06:16:33.033458,7294.94,Debit Card,Kolkata
10506,2288,5088,2025-06-04 06:16:33.033458,1381.47,Debit Card,Delhi
10507,2943,5033,2025-07-16 06:16:33.033458,9044.04,UPI,Hyderabad
10508,2854,5049,2025-06-11 06:16:33.033458,851.15,Cash on Delivery,Bangalore
10509,2663,5029,2025-05-13 06:16:33.033458,5432.88,Credit Card,Ahmedabad
10510,2962,5063,2025-06-10 06:16:33.033458,1592.94,Debit Card,Ahmedabad
10511,2639,5022,2025-06-15 06:16:33.033458,314.72,Cash on Delivery,Mumbai
10512,2155,5026,2025-07-24 06:16:33.033458,4335.94,Cash on Delivery,Hyderabad
10513,2490,5028,2025-07-07 06:16:33.033458,3091.4,Credit Card,Hyderabad
10514,2386,5085,2025-06-13 06:16:33.033458,4962.8,Cash on Delivery,Chennai
10515,2986,5049,2025-06-10 06:16:33.033458,5856.56,Cash on Delivery,Hyderabad
10516,2785,5071,2025-05-19 06:16:33.033458,628.64,Cash on Delivery,Ahmedabad
10517,2104,5081,2025-05-21 06:16:33.033458,1405.43,Debit Card,Kolkata
10518,2929,5084,2025-07-17 06:16:33.033458,5674.7,Credit Card,Mumbai
10519,2393,5049,2025-06-14 06:16:33.033458,3563.04,Cash on Delivery,Mumbai
10520,2811,5020,2025-05-13 06:16:33.033458,7345.9,Cash on Delivery,Bangalore
10521,2246,5086,2025-05-23 06:16:33.033458,6592.46,Debit Card,Bangalore
10522,2176,5092,2025-06-03 06:16:33.033458,8486.92,Credit Card,Bangalore
10523,2039,5063,2025-07-12 06:16:33.033458,6986.43,UPI,Ahmedabad
10524,2477,5061,2025-06-18 06:16:33.033458,4413.32,Debit Card,Ahmedabad
10525,2682,5049,2025-05-13 06:16:33.033458,6795.07,Credit Card,Ahmedabad
10526,2759,5071,2025-07-05 06:16:33.033458,2898.74,Cash on Delivery,Ahmedabad
10527,2538,5001,2025-05-19 06:16:33.033458,3201.87,Credit Card,Ahmedabad
10528,2867,5096,2025-05-11 06:16:33.033458,7932.05,Credit Card,Ahmedabad
10529,2818,5013,2025-07-23 06:16:33.033458,4574.91,Credit Card,Kolkata
10530,2921,5094,2025-05-17 06:16:33.033458,8024.13,UPI,Ahmedabad
10531,2408,5087,2025-06-01 06:16:33.033458,8259.74,Credit Card,Hyderabad
10532,2525,5051,2025-07-15 06:16:33.033458,8604.11,UPI,Hyderabad
10533,2828,5056,2025-07-05 06:16:33.033458,9183.03,Cash on Delivery,Chennai
10534,2506,5083,2025-06-19 06:16:33.033458,4423.66,UPI,Kolkata
10535,2903,5062,2025-05-25 06:16:33.033458,3324.89,Cash on Delivery,Bangalore
10536,2825,5032,2025-05-27 06:16:33.033458,5905.55,Cash on Delivery,Delhi
10537,2036,5030,2025-05-26 06:16:33.033458,3837.49,UPI,Ahmedabad
10538,2685,5029,2025-06-02 06:16:33.033458,6090.53,Debit Card,Chennai
10539,2020,5049,2025-05-06 06:16:33.033458,7114.74,Net Banking,Delhi
10540,2321,5045,2025-05-14 06:16:33.033458,6946.37,Credit Card,Hyderabad
10541,2776,5093,2025-06-03 06:16:33.033458,3870.62,Net Banking,Chennai
10542,2512,5030,2025-05-28 06:16:33.033458,1835.23,Credit Card,Chennai
10543,2400,5016,2025-05-16 06:16:33.033458,4419.19,Credit Card,Mumbai
10544,2654,5040,2025-04-30 06:16:33.033458,1597.42,Cash on Delivery,Hyderabad
10545,2972,5019,2025-06-16 06:16:33.033458,8922.95,Credit Card,Hyderabad
10546,2883,5018,2025-07-14 06:16:33.033458,3589.6,Credit Card,Kolkata
10547,2471,5001,2025-05-02 06:16:33.033458,1713.71,UPI,Chennai
10548,2143,5078,2025-07-27 06:16:33.033458,449.39,Net Banking,Ahmedabad
10549,2092,5047,2025-07-26 06:16:33.033458,6529.06,UPI,Hyderabad
10550,2354,5066,2025-07-12 06:16:33.033458,6441.64,Credit Card,Chennai
10551,2834,5092,2025-05-05 06:16:33.033458,3537.92,Cash on Delivery,Kolkata
10552,2800,5094,2025-07-11 06:16:33.033458,902.78,UPI,Ahmedabad
10553,2727,5038,2025-06-06 06:16:33.033458,4214.36,UPI,Kolkata
10554,2959,5051,2025-05-11 06:16:33.033458,3249.93,Debit Card,Mumbai
10555,2854,5063,2025-05-29 06:16:33.033458,6835.78,Credit Card,Ahmedabad
10556,2051,5004,2025-07-08 06:16:33.033458,6136.64,Cash on Delivery,Chennai
10557,2665,5001,2025-06-30 06:16:33.033458,3773.02,UPI,Hyderabad
10558,2698,5008,2025-06-23 06:16:33.033458,2335.35,UPI,Hyderabad
10559,2575,5029,2025-06-09 06:16:33.033458,9882.75,Cash on Delivery,Chennai
10560,2190,5055,2025-06-28 06:16:33.033458,4649.22,Credit Card,Chennai
10561,2125,5003,2025-06-09 06:16:33.033458,6945.09,Debit Card,Chennai
10562,2150,5032,2025-06-23 06:16:33.033458,1577.42,UPI,Bangalore
10563,2314,5010,2025-06-03 06:16:33.033458,4958.78,Debit Card,Ahmedabad
10564,2570,5074,2025-07-21 06:16:33.033458,469.86,Net Banking,Hyderabad
10565,2342,5083,2025-07-05 06:16:33.033458,5153.46,Credit Card,Ahmedabad
10566,2305,5034,2025-05-05 06:16:33.033458,9647.37,Net Banking,Kolkata
10567,2692,5097,2025-06-21 06:16:33.033458,3965.23,Net Banking,Hyderabad
10568,2682,5087,2025-04-29 06:16:33.033458,582.16,Net Banking,Bangalore
10569,2838,5055,2025-06-11 06:16:33.033458,503.37,Credit Card,Chennai
10570,2783,5092,2025-06-12 06:16:33.033458,4002.27,Credit Card,Mumbai
10571,2054,5032,2025-06-14 06:16:33.033458,1768.24,Cash on Delivery,Chennai
10572,2444,5050,2025-05-11 06:16:33.033458,428.85,Debit Card,Chennai
10573,2613,5007,2025-05-20 06:16:33.033458,7610.89,Debit Card,Bangalore
10574,2993,5093,2025-05-19 06:16:33.033458,4693.53,Cash on Delivery,Ahmedabad
10575,2264,5008,2025-07-23 06:16:33.033458,3034.6,Cash on Delivery,Hyderabad
10576,2053,5065,2025-05-07 06:16:33.033458,9020.82,Net Banking,Chennai
10577,2572,5057,2025-05-24 06:16:33.033458,1338.16,Cash on Delivery,Hyderabad
10578,2620,5067,2025-05-07 06:16:33.033458,9568.0,UPI,Delhi
10579,2005,5088,2025-05-13 06:16:33.033458,3276.87,Debit Card,Kolkata
10580,2103,5087,2025-05-08 06:16:33.033458,8906.36,Cash on Delivery,Ahmedabad
10581,2196,5059,2025-07-25 06:16:33.033458,6108.84,UPI,Hyderabad
10582,2774,5072,2025-06-09 06:16:33.033458,8301.73,UPI,Mumbai
10583,2877,5054,2025-07-09 06:16:33.033458,9843.33,UPI,Kolkata
10584,2992,5067,2025-05-22 06:16:33.033458,3026.37,UPI,Mumbai
10585,2884,5051,2025-07-17 06:16:33.033458,9619.13,Net Banking,Chennai
10586,2350,5097,2025-06-16 06:16:33.033458,4016.92,UPI,Kolkata
10587,2047,5092,2025-05-24 06:16:33.033458,3978.02,Net Banking,Hyderabad
10588,2867,5008,2025-06-04 06:16:33.033458,3535.79,Net Banking,Kolkata
10589,2823,5034,2025-07-05 06:16:33.033458,5505.79,UPI,Chennai
10590,2936,5035,2025-06-17 06:16:33.033458,1710.62,Debit Card,Bangalore
10591,2820,5096,2025-05-22 06:16:33.033458,5626.37,UPI,Ahmedabad
10592,2656,5088,2025-05-17 06:16:33.033458,5508.71,UPI,Mumbai
10593,2269,5078,2025-06-27 06:16:33.033458,7666.64,UPI,Chennai
10594,2370,5032,2025-06-06 06:16:33.033458,8369.77,Debit Card,Bangalore
10595,2636,5046,2025-07-11 06:16:33.033458,4516.33,Credit Card,Kolkata
10596,2106,5016,2025-07-26 06:16:33.033458,3162.87,Credit Card,Kolkata
10597,2670,5068,2025-05-16 06:16:33.033458,2741.48,Net Banking,Chennai
10598,2659,5037,2025-05-17 06:16:33.033458,2107.31,Net Banking,Hyderabad
10599,2657,5054,2025-06-03 06:16:33.033458,764.95,Debit Card,Kolkata
10600,2120,5085,2025-07-11 06:16:33.033458,3555.99,Cash on Delivery,Hyderabad
10601,2831,5014,2025-06-22 06:16:33.033458,2848.43,Credit Card,Hyderabad
10602,2787,5095,2025-07-06 06:16:33.033458,9670.89,Net Banking,Ahmedabad
10603,2604,5055,2025-06-14 06:16:33.033458,5665.55,Credit Card,Hyderabad
10604,2058,5048,2025-06-16 06:16:33.033458,3603.31,Debit Card,Delhi
10605,2951,5082,2025-05-31 06:16:33.033458,5888.58,Debit Card,Ahmedabad
10606,2346,5007,2025-05-19 06:16:33.033458,1564.13,Cash on Delivery,Bangalore
10607,2741,5074,2025-07-18 06:16:33.033458,4551.63,Cash on Delivery,Bangalore
10608,2474,5007,2025-05-20 06:16:33.033458,6337.1,Debit Card,Kolkata
10609,2117,5033,2025-06-15 06:16:33.033458,4991.2,Net Banking,Kolkata
10610,2830,5023,2025-06-04 06:16:33.033458,4137.43,Credit Card,Hyderabad
10611,2791,5085,2025-05-13 06:16:33.033458,9939.71,UPI,Ahmedabad
10612,2127,5019,2025-06-02 06:16:33.033458,8827.08,Cash on Delivery,Ahmedabad
10613,2393,5019,2025-07-08 06:16:33.033458,6309.38,UPI,Delhi
10614,2908,5036,2025-05-30 06:16:33.033458,5779.9,Net Banking,Hyderabad
10615,2641,5029,2025-05-09 06:16:33.033458,6282.47,Cash on Delivery,Delhi
10616,2058,5060,2025-05-08 06:16:33.033458,2172.86,UPI,Hyderabad
10617,2634,5082,2025-07-10 06:16:33.033458,4072.35,Net Banking,Mumbai
10618,2513,5002,2025-07-15 06:16:33.033458,586.7,Credit Card,Mumbai
10619,2751,5001,2025-07-14 06:16:33.033458,4860.35,Net Banking,Chennai
10620,2802,5047,2025-06-24 06:16:33.033458,5521.64,Cash on Delivery,Hyderabad
10621,2096,5069,2025-05-23 06:16:33.033458,2431.95,Debit Card,Ahmedabad
10622,2638,5020,2025-04-30 06:16:33.033458,9647.48,Credit Card,Kolkata
10623,2118,5011,2025-07-01 06:16:33.033458,9112.66,UPI,Bangalore
10624,2560,5002,2025-06-02 06:16:33.033458,7277.0,Cash on Delivery,Chennai
10625,2601,5067,2025-05-05 06:16:33.033458,5427.19,Debit Card,Kolkata
10626,2488,5087,2025-07-22 06:16:33.033458,8725.7,Net Banking,Mumbai
10627,2237,5012,2025-05-16 06:16:33.033458,1480.39,Debit Card,Hyderabad
10628,2885,5020,2025-07-04 06:16:33.033458,7947.0,Cash on Delivery,Chennai
10629,2897,5005,2025-06-09 06:16:33.033458,1423.24,Cash on Delivery,Hyderabad
10630,2272,5037,2025-06-06 06:16:33.033458,7983.26,Debit Card,Mumbai
10631,2189,5038,2025-06-08 06:16:33.033458,2902.52,Net Banking,Chennai
10632,2999,5094,2025-07-12 06:16:33.033458,8795.49,Debit Card,Mumbai
10633,2704,5009,2025-05-22 06:16:33.033458,9451.61,Cash on Delivery,Delhi
10634,2447,5098,2025-06-27 06:16:33.033458,1658.2,Cash on Delivery,Mumbai
10635,2581,5053,2025-06-13 06:16:33.033458,4734.22,UPI,Ahmedabad
10636,2790,5044,2025-05-17 06:16:33.033458,9813.68,UPI,Ahmedabad
10637,2861,5099,2025-07-05 06:16:33.033458,4937.39,Credit Card,Hyderabad
10638,2247,5086,2025-07-27 06:16:33.033458,8662.77,Cash on Delivery,Bangalore
10639,2963,5024,2025-06-09 06:16:33.033458,5969.57,UPI,Mumbai
10640,2076,5081,2025-05-30 06:16:33.033458,3878.23,Debit Card,Kolkata
10641,2154,5074,2025-06-06 06:16:33.033458,3000.68,Net Banking,Ahmedabad
10642,2656,5030,2025-06-03 06:16:33.033458,2191.59,Debit Card,Bangalore
10643,2435,5059,2025-06-03 06:16:33.033458,7665.62,Net Banking,Delhi
10644,2997,5087,2025-05-01 06:16:33.033458,3988.1,UPI,Chennai
10645,2086,5096,2025-07-10 06:16:33.033458,5210.5,Credit Card,Chennai
10646,2697,5081,2025-05-06 06:16:33.033458,5024.79,Debit Card,Ahmedabad
10647,2285,5081,2025-07-07 06:16:33.033458,5857.33,Debit Card,Bangalore
10648,2974,5014,2025-06-08 06:16:33.033458,8682.66,Debit Card,Ahmedabad
10649,2220,5009,2025-07-05 06:16:33.033458,9811.25,Net Banking,Chennai
10650,2069,5040,2025-05-11 06:16:33.033458,4194.33,UPI,Mumbai
10651,2047,5066,2025-06-16 06:16:33.033458,8309.69,Debit Card,Bangalore
10652,2094,5025,2025-06-27 06:16:33.033458,7692.37,Debit Card,Hyderabad
10653,2750,5073,2025-04-30 06:16:33.033458,5820.58,Credit Card,Mumbai
10654,2958,5022,2025-06-27 06:16:33.033458,9569.26,Credit Card,Mumbai
10655,2453,5004,2025-05-03 06:16:33.033458,2164.65,UPI,Mumbai
10656,2204,5026,2025-06-11 06:16:33.033458,1270.79,UPI,Hyderabad
10657,2912,5058,2025-05-25 06:16:33.033458,8568.83,Cash on Delivery,Delhi
10658,2218,5029,2025-05-30 06:16:33.033458,4503.67,Credit Card,Kolkata
10659,2474,5098,2025-05-19 06:16:33.033458,8500.29,Cash on Delivery,Ahmedabad
10660,2432,5087,2025-05-06 06:16:33.033458,8952.28,Net Banking,Chennai
10661,2341,5037,2025-07-09 06:16:33.033458,812.08,Cash on Delivery,Ahmedabad
10662,2551,5075,2025-06-17 06:16:33.033458,8857.95,Debit Card,Bangalore
10663,2612,5070,2025-07-04 06:16:33.033458,4593.53,Cash on Delivery,Delhi
10664,2289,5018,2025-06-11 06:16:33.033458,5202.24,UPI,Bangalore
10665,2254,5085,2025-06-25 06:16:33.033458,6340.61,Net Banking,Ahmedabad
10666,2734,5042,2025-05-01 06:16:33.033458,9278.55,Debit Card,Chennai
10667,2357,5041,2025-07-23 06:16:33.033458,387.34,Cash on Delivery,Hyderabad
10668,2023,5038,2025-07-07 06:16:33.033458,4873.07,Net Banking,Ahmedabad
10669,2762,5034,2025-04-30 06:16:33.033458,6939.68,Net Banking,Mumbai
10670,2522,5017,2025-07-24 06:16:33.033458,7282.53,Debit Card,Ahmedabad
10671,2758,5037,2025-06-11 06:16:33.033458,6986.82,Cash on Delivery,Mumbai
10672,2837,5025,2025-04-30 06:16:33.033458,1517.46,Net Banking,Hyderabad
10673,2100,5076,2025-07-18 06:16:33.033458,3134.08,Net Banking,Ahmedabad
10674,2802,5087,2025-06-02 06:16:33.033458,3715.41,Credit Card,Delhi
10675,2180,5086,2025-07-24 06:16:33.033458,8083.48,Net Banking,Delhi
10676,2223,5085,2025-05-28 06:16:33.033458,2931.85,Credit Card,Bangalore
10677,2906,5027,2025-05-06 06:16:33.033458,2264.91,Cash on Delivery,Hyderabad
10678,2762,5057,2025-05-20 06:16:33.033458,9582.99,Cash on Delivery,Delhi
10679,2659,5031,2025-06-11 06:16:33.033458,286.86,Cash on Delivery,Ahmedabad
10680,2442,5006,2025-06-25 06:16:33.033458,9978.64,UPI,Hyderabad
10681,2608,5091,2025-06-03 06:16:33.033458,6832.85,Cash on Delivery,Chennai
10682,2769,5040,2025-07-06 06:16:33.033458,8319.0,Net Banking,Mumbai
10683,2325,5098,2025-07-14 06:16:33.033458,3087.27,Debit Card,Ahmedabad
10684,2516,5012,2025-05-29 06:16:33.033458,340.29,Credit Card,Mumbai
10685,2016,5053,2025-06-14 06:16:33.033458,7431.12,UPI,Mumbai
10686,2792,5071,2025-06-22 06:16:33.033458,8374.62,Cash on Delivery,Hyderabad
10687,2336,5010,2025-07-17 06:16:33.033458,7456.67,Cash on Delivery,Hyderabad
10688,2759,5045,2025-06-29 06:16:33.033458,1599.93,Debit Card,Bangalore
10689,2258,5017,2025-05-28 06:16:33.033458,7583.59,Debit Card,Mumbai
10690,2497,5026,2025-06-22 06:16:33.033458,7735.44,UPI,Bangalore
10691,2988,5085,2025-05-14 06:16:33.033458,6653.7,Credit Card,Mumbai
10692,2896,5092,2025-05-10 06:16:33.033458,7707.94,Cash on Delivery,Bangalore
10693,2160,5062,2025-05-15 06:16:33.033458,8490.03,UPI,Bangalore
10694,2475,5046,2025-05-14 06:16:33.033458,6213.32,Net Banking,Chennai
10695,2852,5064,2025-05-10 06:16:33.033458,1068.33,Net Banking,Bangalore
10696,2664,5002,2025-05-06 06:16:33.033458,4978.75,UPI,Hyderabad
10697,2908,5054,2025-07-21 06:16:33.033458,960.96,Cash on Delivery,Bangalore
10698,2690,5065,2025-05-01 06:16:33.033458,4193.92,UPI,Mumbai
10699,2675,5051,2025-05-14 06:16:33.033458,4189.64,Cash on Delivery,Bangalore
10700,2380,5053,2025-05-28 06:16:33.033458,846.9,Debit Card,Delhi
10701,2545,5036,2025-05-21 06:16:33.033458,3618.44,UPI,Kolkata
10702,2929,5026,2025-05-03 06:16:33.033458,1287.78,Cash on Delivery,Mumbai
10703,2957,5029,2025-07-21 06:16:33.033458,8120.71,UPI,Delhi
10704,2691,5021,2025-07-02 06:16:33.033458,9487.34,UPI,Mumbai
10705,2427,5011,2025-05-28 06:16:33.033458,908.7,Cash on Delivery,Hyderabad
10706,2613,5040,2025-05-19 06:16:33.033458,9560.13,Cash on Delivery,Kolkata
10707,2268,5011,2025-07-21 06:16:33.033458,5321.25,Credit Card,Kolkata
10708,2835,5036,2025-07-07 06:16:33.033458,3135.74,UPI,Hyderabad
10709,2577,5059,2025-05-20 06:16:33.033458,953.25,Net Banking,Kolkata
10710,2417,5039,2025-07-19 06:16:33.033458,5106.12,UPI,Hyderabad
10711,2168,5099,2025-07-09 06:16:33.033458,7986.25,UPI,Delhi
10712,2842,5054,2025-05-30 06:16:33.033458,7129.45,Cash on Delivery,Chennai
10713,2043,5098,2025-05-31 06:16:33.033458,692.21,UPI,Mumbai
10714,2556,5055,2025-05-14 06:16:33.033458,914.44,UPI,Hyderabad
10715,2285,5024,2025-07-13 06:16:33.033458,4148.16,Net Banking,Mumbai
10716,2397,5022,2025-06-05 06:16:33.033458,3093.85,Cash on Delivery,Delhi
10717,2012,5069,2025-05-12 06:16:33.033458,2477.37,UPI,Chennai
10718,2607,5056,2025-06-03 06:16:33.033458,2953.84,Debit Card,Delhi
10719,2302,5033,2025-05-21 06:16:33.033458,8074.13,Credit Card,Kolkata
10720,2898,5036,2025-07-03 06:16:33.033458,9306.43,Net Banking,Mumbai
10721,2253,5020,2025-07-22 06:16:33.033458,4170.01,UPI,Ahmedabad
10722,2499,5083,2025-04-30 06:16:33.033458,9079.89,Debit Card,Chennai
10723,2754,5099,2025-07-10 06:16:33.033458,3350.66,UPI,Kolkata
10724,2035,5081,2025-07-02 06:16:33.033458,4869.08,UPI,Chennai
10725,2727,5062,2025-07-12 06:16:33.033458,2415.08,Cash on Delivery,Kolkata
10726,2849,5098,2025-07-04 06:16:33.033458,6476.67,Cash on Delivery,Delhi
10727,2090,5073,2025-06-19 06:16:33.033458,9794.01,Cash on Delivery,Hyderabad
10728,2776,5026,2025-06-29 06:16:33.033458,6114.23,Debit Card,Mumbai
10729,2605,5066,2025-05-21 06:16:33.033458,3706.58,UPI,Bangalore
10730,2922,5073,2025-05-24 06:16:33.033458,6548.61,Credit Card,Bangalore
10731,2970,5073,2025-07-05 06:16:33.033458,1404.62,Net Banking,Delhi
10732,2602,5040,2025-07-19 06:16:33.033458,8908.86,Cash on Delivery,Mumbai
10733,2418,5017,2025-06-22 06:16:33.033458,5130.22,Cash on Delivery,Mumbai
10734,2115,5001,2025-05-04 06:16:33.033458,4603.63,UPI,Delhi
10735,2617,5089,2025-06-02 06:16:33.033458,5941.47,UPI,Mumbai
10736,2903,5061,2025-05-20 06:16:33.033458,6322.88,Debit Card,Hyderabad
10737,2196,5043,2025-06-10 06:16:33.033458,903.4,Debit Card,Delhi
10738,2826,5042,2025-05-13 06:16:33.033458,6889.65,Cash on Delivery,Hyderabad
10739,2501,5025,2025-07-23 06:16:33.033458,2570.93,UPI,Mumbai
10740,2626,5039,2025-06-27 06:16:33.033458,7196.74,Credit Card,Delhi
10741,2493,5035,2025-05-10 06:16:33.033458,8260.84,Net Banking,Mumbai
10742,2075,5003,2025-06-16 06:16:33.033458,8078.79,UPI,Delhi
10743,2413,5044,2025-06-09 06:16:33.033458,5614.51,UPI,Mumbai
10744,2376,5051,2025-06-05 06:16:33.033458,5297.66,Debit Card,Hyderabad
10745,2420,5094,2025-07-19 06:16:33.033458,1600.18,Net Banking,Ahmedabad
10746,2729,5098,2025-06-12 06:16:33.033458,7798.39,Cash on Delivery,Hyderabad
10747,2277,5012,2025-06-02 06:16:33.033458,2859.81,UPI,Mumbai
10748,2761,5019,2025-05-28 06:16:33.033458,5067.62,Cash on Delivery,Delhi
10749,2676,5044,2025-07-25 06:16:33.033458,2985.89,UPI,Bangalore
10750,2394,5059,2025-05-28 06:16:33.033458,1511.52,Cash on Delivery,Hyderabad
10751,2869,5049,2025-07-15 06:16:33.033458,6369.67,Net Banking,Hyderabad
10752,2457,5061,2025-05-04 06:16:33.033458,732.45,Debit Card,Kolkata
10753,2920,5017,2025-07-04 06:16:33.033458,7536.72,Net Banking,Bangalore
10754,2192,5074,2025-07-17 06:16:33.033458,3312.35,Credit Card,Mumbai
10755,2739,5057,2025-05-05 06:16:33.033458,201.32,Debit Card,Ahmedabad
10756,2689,5055,2025-06-19 06:16:33.033458,5209.07,Net Banking,Delhi
10757,2099,5047,2025-05-12 06:16:33.033458,659.15,Credit Card,Kolkata
10758,2548,5012,2025-07-10 06:16:33.033458,2906.46,UPI,Mumbai
10759,2978,5062,2025-05-13 06:16:33.033458,7128.37,UPI,Chennai
10760,2999,5080,2025-05-19 06:16:33.033458,814.36,Cash on Delivery,Ahmedabad
10761,2096,5088,2025-06-02 06:16:33.033458,8425.52,Debit Card,Hyderabad
10762,2664,5083,2025-07-03 06:16:33.033458,237.44,UPI,Chennai
10763,2663,5008,2025-04-30 06:16:33.033458,2618.87,Debit Card,Hyderabad
10764,2190,5095,2025-06-02 06:16:33.033458,7460.86,UPI,Hyderabad
10765,2736,5021,2025-07-19 06:16:33.033458,3299.45,Cash on Delivery,Chennai
10766,2037,5081,2025-07-15 06:16:33.033458,1198.55,Net Banking,Ahmedabad
10767,2780,5087,2025-05-18 06:16:33.033458,3730.29,Cash on Delivery,Chennai
10768,2369,5080,2025-07-19 06:16:33.033458,2849.85,Credit Card,Mumbai
10769,2695,5070,2025-05-08 06:16:33.033458,8458.58,UPI,Kolkata
10770,2525,5072,2025-05-23 06:16:33.033458,3270.81,Credit Card,Kolkata
10771,2279,5025,2025-07-03 06:16:33.033458,7931.54,Credit Card,Chennai
10772,2217,5082,2025-05-23 06:16:33.033458,8940.35,Debit Card,Mumbai
10773,2867,5089,2025-06-21 06:16:33.033458,4451.41,UPI,Kolkata
10774,2873,5012,2025-05-31 06:16:33.033458,9117.44,Credit Card,Mumbai
10775,2798,5015,2025-06-03 06:16:33.033458,3897.72,Net Banking,Mumbai
10776,2273,5059,2025-05-12 06:16:33.033458,9647.97,Credit Card,Hyderabad
10777,2881,5026,2025-07-02 06:16:33.033458,1075.04,Net Banking,Kolkata
10778,2062,5026,2025-07-17 06:16:33.033458,6932.79,Debit Card,Kolkata
10779,2596,5047,2025-06-21 06:16:33.033458,5039.38,Credit Card,Hyderabad
10780,2880,5032,2025-06-19 06:16:33.033458,3998.96,Cash on Delivery,Chennai
10781,2729,5010,2025-05-01 06:16:33.033458,6400.58,Debit Card,Hyderabad
10782,2342,5016,2025-06-08 06:16:33.033458,7097.8,Net Banking,Kolkata
10783,2397,5071,2025-05-04 06:16:33.033458,242.76,Debit Card,Kolkata
10784,2699,5017,2025-05-23 06:16:33.033458,1836.14,Credit Card,Ahmedabad
10785,2019,5023,2025-05-11 06:16:33.033458,7187.85,UPI,Chennai
10786,2177,5026,2025-05-06 06:16:33.033458,6730.58,UPI,Hyderabad
10787,2612,5085,2025-05-19 06:16:33.033458,9667.27,Net Banking,Delhi
10788,2396,5086,2025-07-05 06:16:33.033458,7658.17,Net Banking,Delhi
10789,2445,5007,2025-05-23 06:16:33.033458,9517.57,UPI,Chennai
10790,2233,5014,2025-07-16 06:16:33.033458,7084.9,Net Banking,Hyderabad
10791,2915,5079,2025-07-05 06:16:33.033458,3120.91,Debit Card,Hyderabad
10792,2076,5007,2025-06-12 06:16:33.033458,1232.58,Cash on Delivery,Mumbai
10793,2265,5009,2025-06-27 06:16:33.033458,7861.87,Cash on Delivery,Kolkata
10794,2455,5048,2025-05-10 06:16:33.033458,6512.66,Debit Card,Bangalore
10795,2796,5072,2025-05-30 06:16:33.033458,672.22,Cash on Delivery,Ahmedabad
10796,2718,5059,2025-05-11 06:16:33.033458,3728.49,Credit Card,Chennai
10797,2735,5087,2025-05-29 06:16:33.033458,9576.64,Debit Card,Bangalore
10798,2384,5093,2025-07-15 06:16:33.033458,5103.93,Net Banking,Bangalore
10799,2564,5082,2025-05-18 06:16:33.033458,4440.75,Debit Card,Chennai
10800,2851,5095,2025-05-16 06:16:33.033458,4685.46,UPI,Hyderabad
10801,2506,5094,2025-06-27 06:16:33.033458,2247.05,Net Banking,Chennai
10802,2367,5039,2025-06-30 06:16:33.033458,3813.33,UPI,Bangalore
10803,2144,5099,2025-05-04 06:16:33.033458,3824.17,Net Banking,Kolkata
10804,2885,5018,2025-05-30 06:16:33.033458,713.08,Cash on Delivery,Ahmedabad
10805,2069,5059,2025-06-10 06:16:33.033458,7722.16,Debit Card,Ahmedabad
10806,2099,5017,2025-04-30 06:16:33.033458,4281.74,Credit Card,Kolkata
10807,2396,5014,2025-06-27 06:16:33.033458,8257.36,Net Banking,Kolkata
10808,2025,5031,2025-05-21 06:16:33.033458,8533.41,Net Banking,Hyderabad
10809,2948,5024,2025-07-20 06:16:33.033458,2277.54,UPI,Delhi
10810,2891,5099,2025-05-29 06:16:33.033458,6642.06,Cash on Delivery,Chennai
10811,2469,5060,2025-05-03 06:16:33.033458,4828.36,UPI,Ahmedabad
10812,2484,5045,2025-07-20 06:16:33.033458,8825.54,UPI,Kolkata
10813,2565,5098,2025-06-01 06:16:33.033458,2314.26,Cash on Delivery,Chennai
10814,2151,5003,2025-05-08 06:16:33.033458,6842.57,Credit Card,Ahmedabad
10815,2144,5037,2025-07-26 06:16:33.033458,6155.97,UPI,Kolkata
10816,2569,5043,2025-04-30 06:16:33.033458,3093.95,UPI,Ahmedabad
10817,2039,5040,2025-05-09 06:16:33.033458,1538.69,Net Banking,Hyderabad
10818,2109,5090,2025-06-17 06:16:33.033458,6586.07,Cash on Delivery,Delhi
10819,2693,5055,2025-05-29 06:16:33.033458,7438.26,Debit Card,Delhi
10820,2042,5087,2025-06-23 06:16:33.033458,3293.15,Credit Card,Kolkata
10821,2186,5039,2025-07-16 06:16:33.033458,6519.36,Credit Card,Ahmedabad
10822,2935,5015,2025-07-10 06:16:33.033458,4072.28,Cash on Delivery,Hyderabad
10823,2398,5004,2025-07-24 06:16:33.033458,7189.43,Net Banking,Mumbai
10824,2223,5093,2025-07-20 06:16:33.033458,2152.31,Net Banking,Chennai
10825,2634,5086,2025-05-07 06:16:33.033458,8924.11,Cash on Delivery,Chennai
10826,2133,5025,2025-05-19 06:16:33.033458,3016.61,Net Banking,Bangalore
10827,2163,5013,2025-07-10 06:16:33.033458,3804.3,Credit Card,Hyderabad
10828,2215,5082,2025-05-26 06:16:33.033458,769.3,Credit Card,Ahmedabad
10829,2733,5033,2025-06-29 06:16:33.033458,1292.82,Debit Card,Bangalore
10830,2235,5016,2025-05-05 06:16:33.033458,5255.45,Cash on Delivery,Kolkata
10831,2843,5042,2025-07-17 06:16:33.033458,2822.41,UPI,Ahmedabad
10832,2658,5066,2025-05-14 06:16:33.033458,8387.71,UPI,Bangalore
10833,2751,5055,2025-05-02 06:16:33.033458,344.0,Debit Card,Delhi
10834,2588,5099,2025-05-02 06:16:33.033458,3915.12,Debit Card,Chennai
10835,2009,5042,2025-06-07 06:16:33.033458,3505.99,Net Banking,Ahmedabad
10836,2074,5034,2025-05-15 06:16:33.033458,389.41,Debit Card,Bangalore
10837,2954,5030,2025-06-19 06:16:33.033458,1418.81,Debit Card,Delhi
10838,2492,5013,2025-06-19 06:16:33.033458,4253.7,UPI,Hyderabad
10839,2913,5013,2025-06-03 06:16:33.033458,5030.07,Net Banking,Bangalore
10840,2253,5018,2025-06-05 06:16:33.033458,4162.04,Debit Card,Kolkata
10841,2230,5032,2025-06-17 06:16:33.033458,5403.19,Debit Card,Kolkata
10842,2519,5096,2025-06-30 06:16:33.033458,6032.29,Net Banking,Kolkata
10843,2174,5099,2025-06-30 06:16:33.033458,297.25,Cash on Delivery,Ahmedabad
10844,2653,5039,2025-06-29 06:16:33.033458,4748.13,Net Banking,Chennai
10845,2168,5046,2025-05-05 06:16:33.033458,9642.29,UPI,Bangalore
10846,2170,5029,2025-05-25 06:16:33.033458,5286.52,Cash on Delivery,Hyderabad
10847,2393,5062,2025-07-23 06:16:33.033458,6839.91,Credit Card,Bangalore
10848,2946,5093,2025-05-12 06:16:33.033458,3256.27,Net Banking,Chennai
10849,2795,5062,2025-07-08 06:16:33.033458,7785.12,UPI,Delhi
10850,2634,5057,2025-07-23 06:16:33.033458,7774.63,Cash on Delivery,Chennai
10851,2194,5016,2025-05-03 06:16:33.033458,5308.7,Net Banking,Kolkata
10852,2517,5056,2025-06-22 06:16:33.033458,9764.94,Debit Card,Ahmedabad
10853,2029,5010,2025-04-30 06:16:33.033458,1430.39,Net Banking,Delhi
10854,2165,5030,2025-06-29 06:16:33.033458,366.09,Credit Card,Ahmedabad
10855,2422,5025,2025-05-19 06:16:33.033458,7747.55,Net Banking,Kolkata
10856,2339,5084,2025-07-16 06:16:33.033458,8110.12,Cash on Delivery,Mumbai
10857,2648,5005,2025-05-19 06:16:33.033458,1378.03,Cash on Delivery,Chennai
10858,2496,5065,2025-05-08 06:16:33.033458,2802.71,Net Banking,Chennai
10859,2365,5094,2025-07-24 06:16:33.033458,372.01,Cash on Delivery,Hyderabad
10860,2833,5049,2025-06-25 06:16:33.033458,3074.42,Debit Card,Bangalore
10861,2342,5003,2025-06-06 06:16:33.033458,7776.79,Net Banking,Delhi
10862,2500,5045,2025-05-03 06:16:33.033458,5276.01,Debit Card,Ahmedabad
10863,2657,5014,2025-07-02 06:16:33.033458,3611.34,Debit Card,Delhi
10864,2511,5030,2025-05-11 06:16:33.033458,3843.05,UPI,Hyderabad
10865,2327,5068,2025-07-22 06:16:33.033458,213.27,Net Banking,Hyderabad
10866,2217,5018,2025-07-27 06:16:33.033458,3138.05,Cash on Delivery,Ahmedabad
10867,2301,5062,2025-07-22 06:16:33.033458,6535.3,Debit Card,Bangalore
10868,2132,5037,2025-06-20 06:16:33.033458,9747.11,UPI,Ahmedabad
10869,2804,5025,2025-07-19 06:16:33.033458,8501.2,Net Banking,Ahmedabad
10870,2070,5048,2025-06-12 06:16:33.033458,431.23,Net Banking,Kolkata
10871,2252,5065,2025-05-30 06:16:33.033458,9005.89,Credit Card,Bangalore
10872,2415,5053,2025-06-03 06:16:33.033458,7875.34,Credit Card,Chennai
10873,2787,5079,2025-07-18 06:16:33.033458,7847.69,Debit Card,Kolkata
10874,2445,5073,2025-06-27 06:16:33.033458,4688.36,Credit Card,Mumbai
10875,2876,5015,2025-05-09 06:16:33.033458,4100.45,Debit Card,Bangalore
10876,2182,5049,2025-06-30 06:16:33.033458,3168.57,Cash on Delivery,Hyderabad
10877,2167,5088,2025-05-19 06:16:33.033458,843.81,Debit Card,Kolkata
10878,2091,5068,2025-06-19 06:16:33.033458,2436.71,Credit Card,Bangalore
10879,2714,5012,2025-06-22 06:16:33.033458,2616.72,Cash on Delivery,Delhi
10880,2858,5059,2025-05-24 06:16:33.033458,4943.96,Credit Card,Ahmedabad
10881,2531,5037,2025-07-05 06:16:33.033458,7524.96,Debit Card,Mumbai
10882,2039,5061,2025-06-01 06:16:33.033458,4843.34,UPI,Chennai
10883,2126,5043,2025-06-19 06:16:33.033458,766.88,Net Banking,Ahmedabad
10884,2451,5070,2025-07-19 06:16:33.033458,9586.34,Credit Card,Delhi
10885,2173,5039,2025-06-19 06:16:33.033458,9438.7,Debit Card,Delhi
10886,2653,5056,2025-05-27 06:16:33.033458,7894.86,Cash on Delivery,Mumbai
10887,2754,5063,2025-06-05 06:16:33.033458,9915.01,Credit Card,Chennai
10888,2220,5046,2025-06-09 06:16:33.033458,5535.93,Credit Card,Hyderabad
10889,2638,5088,2025-05-19 06:16:33.033458,9635.13,Net Banking,Kolkata
10890,2058,5011,2025-06-09 06:16:33.033458,940.93,Debit Card,Chennai
10891,2660,5062,2025-05-11 06:16:33.033458,3783.67,UPI,Bangalore
10892,2476,5077,2025-07-01 06:16:33.033458,2408.74,Cash on Delivery,Delhi
10893,2456,5098,2025-05-15 06:16:33.033458,2119.16,Debit Card,Bangalore
10894,2829,5025,2025-05-07 06:16:33.033458,1579.87,Cash on Delivery,Hyderabad
10895,2895,5071,2025-06-08 06:16:33.033458,6299.65,Credit Card,Bangalore
10896,2361,5052,2025-04-29 06:16:33.033458,7856.95,Net Banking,Chennai
10897,2935,5004,2025-04-30 06:16:33.033458,5867.32,Net Banking,Bangalore
10898,2001,5059,2025-06-27 06:16:33.033458,1640.23,UPI,Hyderabad
10899,2387,5072,2025-06-15 06:16:33.033458,8149.01,Net Banking,Hyderabad
10900,2973,5020,2025-05-27 06:16:33.033458,6432.36,Credit Card,Hyderabad
10901,2348,5093,2025-05-08 06:16:33.033458,4004.02,UPI,Chennai
10902,2190,5063,2025-06-25 06:16:33.033458,6806.48,Debit Card,Hyderabad
10903,2505,5054,2025-06-27 06:16:33.033458,2747.07,Net Banking,Delhi
10904,2191,5074,2025-05-19 06:16:33.033458,3582.88,UPI,Ahmedabad
10905,2508,5098,2025-05-26 06:16:33.033458,9191.36,Credit Card,Hyderabad
10906,2369,5057,2025-07-12 06:16:33.033458,3046.94,Cash on Delivery,Bangalore
10907,2409,5090,2025-06-01 06:16:33.033458,4805.89,Cash on Delivery,Kolkata
10908,2824,5041,2025-05-06 06:16:33.033458,8923.38,Credit Card,Bangalore
10909,2929,5003,2025-06-26 06:16:33.033458,7135.67,Credit Card,Kolkata
10910,2934,5006,2025-07-23 06:16:33.033458,809.59,Cash on Delivery,Bangalore
10911,2117,5005,2025-07-09 06:16:33.033458,1643.57,UPI,Chennai
10912,2134,5005,2025-06-16 06:16:33.033458,276.85,Cash on Delivery,Bangalore
10913,2058,5054,2025-07-16 06:16:33.033458,6383.03,Credit Card,Chennai
10914,2556,5047,2025-05-15 06:16:33.033458,4587.2,Net Banking,Chennai
10915,2685,5087,2025-06-27 06:16:33.033458,1515.89,Debit Card,Hyderabad
10916,2672,5049,2025-07-24 06:16:33.033458,9587.75,Net Banking,Delhi
10917,2173,5009,2025-07-25 06:16:33.033458,5390.67,Net Banking,Kolkata
10918,2829,5099,2025-06-12 06:16:33.033458,2570.55,Credit Card,Hyderabad
10919,2815,5020,2025-07-20 06:16:33.033458,5105.91,Cash on Delivery,Hyderabad
10920,2149,5061,2025-07-06 06:16:33.033458,6860.28,UPI,Ahmedabad
10921,2080,5035,2025-05-30 06:16:33.033458,947.14,Net Banking,Chennai
10922,2886,5050,2025-06-11 06:16:33.033458,2892.1,Cash on Delivery,Chennai
10923,2213,5082,2025-07-02 06:16:33.033458,8108.26,UPI,Kolkata
10924,2203,5062,2025-07-24 06:16:33.033458,4704.72,Net Banking,Bangalore
10925,2764,5017,2025-05-06 06:16:33.033458,5556.46,UPI,Bangalore
10926,2229,5088,2025-07-14 06:16:33.033458,4441.6,Cash on Delivery,Hyderabad
10927,2676,5003,2025-07-09 06:16:33.033458,630.22,Debit Card,Mumbai
10928,2227,5032,2025-07-24 06:16:33.033458,1824.35,Cash on Delivery,Mumbai
10929,2659,5099,2025-06-10 06:16:33.033458,4566.31,Credit Card,Bangalore
10930,2532,5013,2025-04-29 06:16:33.033458,2250.02,UPI,Mumbai
10931,2441,5089,2025-06-18 06:16:33.033458,689.79,Debit Card,Ahmedabad
10932,2402,5073,2025-05-22 06:16:33.033458,8467.77,UPI,Bangalore
10933,2047,5068,2025-05-22 06:16:33.033458,9815.69,UPI,Chennai
10934,2233,5014,2025-05-15 06:16:33.033458,7972.8,Net Banking,Hyderabad
10935,2305,5098,2025-05-03 06:16:33.033458,8567.09,Credit Card,Delhi
10936,2526,5011,2025-05-18 06:16:33.033458,2571.38,UPI,Hyderabad
10937,2143,5056,2025-05-19 06:16:33.033458,9614.14,Cash on Delivery,Bangalore
10938,2415,5067,2025-06-25 06:16:33.033458,2129.87,Cash on Delivery,Ahmedabad
10939,2513,5092,2025-05-29 06:16:33.033458,9524.01,Net Banking,Bangalore
10940,2373,5029,2025-05-09 06:16:33.033458,9949.23,Credit Card,Hyderabad
10941,2566,5009,2025-06-19 06:16:33.033458,7174.88,Credit Card,Ahmedabad
10942,2886,5067,2025-05-13 06:16:33.033458,9815.21,Cash on Delivery,Ahmedabad
10943,2259,5025,2025-07-20 06:16:33.033458,5781.49,Debit Card,Ahmedabad
10944,2656,5098,2025-05-05 06:16:33.033458,2743.51,Net Banking,Kolkata
10945,2471,5076,2025-05-26 06:16:33.033458,4482.56,Net Banking,Bangalore
10946,2953,5042,2025-06-18 06:16:33.033458,6016.9,Cash on Delivery,Mumbai
10947,2971,5009,2025-06-25 06:16:33.033458,916.2,Cash on Delivery,Mumbai
10948,2012,5079,2025-05-03 06:16:33.033458,6298.96,Debit Card,Bangalore
10949,2330,5040,2025-05-03 06:16:33.033458,9815.54,Debit Card,Bangalore
10950,2736,5025,2025-05-06 06:16:33.033458,2063.05,Credit Card,Kolkata
10951,2784,5005,2025-07-01 06:16:33.033458,7967.43,Net Banking,Mumbai
10952,2968,5011,2025-05-08 06:16:33.033458,9097.41,Net Banking,Bangalore
10953,2358,5059,2025-06-05 06:16:33.033458,9448.28,Cash on Delivery,Bangalore
10954,2972,5098,2025-07-18 06:16:33.033458,9609.33,Credit Card,Kolkata
10955,2408,5088,2025-05-06 06:16:33.033458,5310.3,Net Banking,Kolkata
10956,2668,5079,2025-05-23 06:16:33.033458,9777.62,Credit Card,Hyderabad
10957,2373,5038,2025-07-10 06:16:33.033458,7621.64,Credit Card,Kolkata
10958,2008,5072,2025-07-03 06:16:33.033458,1784.38,Cash on Delivery,Delhi
10959,2122,5005,2025-07-16 06:16:33.033458,4873.62,Credit Card,Mumbai
10960,2348,5048,2025-06-17 06:16:33.033458,7239.65,Debit Card,Hyderabad
10961,2676,5090,2025-07-04 06:16:33.033458,2623.94,Debit Card,Delhi
10962,2090,5018,2025-06-16 06:16:33.033458,6478.03,UPI,Bangalore
10963,2648,5070,2025-06-03 06:16:33.033458,6732.68,Cash on Delivery,Bangalore
10964,2698,5037,2025-07-05 06:16:33.033458,1794.46,UPI,Hyderabad
10965,2316,5060,2025-07-15 06:16:33.033458,5737.84,Debit Card,Kolkata
10966,2178,5048,2025-06-08 06:16:33.033458,7761.94,UPI,Ahmedabad
10967,2540,5077,2025-07-26 06:16:33.033458,5089.18,Cash on Delivery,Ahmedabad
10968,2732,5028,2025-06-29 06:16:33.033458,318.61,Cash on Delivery,Bangalore
10969,2869,5069,2025-05-08 06:16:33.033458,288.58,Credit Card,Ahmedabad
10970,2041,5077,2025-05-19 06:16:33.033458,3698.89,Net Banking,Chennai
10971,2740,5081,2025-06-03 06:16:33.033458,9276.7,Credit Card,Hyderabad
10972,2704,5040,2025-05-10 06:16:33.033458,2441.03,Cash on Delivery,Delhi
10973,2923,5045,2025-04-30 06:16:33.033458,6416.76,Debit Card,Hyderabad
10974,2502,5096,2025-05-11 06:16:33.033458,2376.34,Debit Card,Mumbai
10975,2959,5062,2025-06-20 06:16:33.033458,3352.37,Credit Card,Kolkata
10976,2145,5093,2025-05-30 06:16:33.033458,8510.81,Cash on Delivery,Kolkata
10977,2201,5058,2025-05-14 06:16:33.033458,7342.84,Debit Card,Hyderabad
10978,2929,5067,2025-05-30 06:16:33.033458,1134.91,Cash on Delivery,Bangalore
10979,2724,5056,2025-05-30 06:16:33.033458,4401.28,Debit Card,Bangalore
10980,2461,5040,2025-05-09 06:16:33.033458,485.86,Cash on Delivery,Chennai
10981,2732,5098,2025-05-08 06:16:33.033458,4912.72,UPI,Chennai
10982,2752,5040,2025-05-13 06:16:33.033458,6691.85,Cash on Delivery,Kolkata
10983,2925,5091,2025-05-15 06:16:33.033458,1361.33,Cash on Delivery,Chennai
10984,2909,5077,2025-06-07 06:16:33.033458,3031.07,Credit Card,Delhi
10985,2558,5033,2025-05-16 06:16:33.033458,4098.8,UPI,Chennai
10986,2547,5006,2025-06-22 06:16:33.033458,9211.4,Net Banking,Delhi
10987,2253,5088,2025-07-10 06:16:33.033458,9933.9,Credit Card,Chennai
10988,2390,5019,2025-05-23 06:16:33.033458,640.13,Net Banking,Kolkata
10989,2594,5080,2025-06-26 06:16:33.033458,7657.88,Debit Card,Kolkata
10990,2883,5040,2025-07-15 06:16:33.033458,3842.9,Net Banking,Delhi
10991,2256,5092,2025-07-26 06:16:33.033458,4046.09,Cash on Delivery,Hyderabad
10992,2709,5097,2025-05-20 06:16:33.033458,7591.8,Net Banking,Kolkata
10993,2815,5059,2025-05-28 06:16:33.033458,9200.58,Credit Card,Hyderabad
10994,2921,5059,2025-07-21 06:16:33.033458,9519.1,Credit Card,Bangalore
10995,2450,5048,2025-07-22 06:16:33.033458,5855.8,Net Banking,Delhi
10996,2010,5041,2025-06-11 06:16:33.033458,3699.79,Credit Card,Ahmedabad
10997,2824,5013,2025-05-30 06:16:33.033458,7917.98,Credit Card,Kolkata
10998,2798,5045,2025-06-18 06:16:33.033458,2659.81,Net Banking,Mumbai
10999,2242,5089,2025-06-13 06:16:33.033458,5727.93,UPI,Bangalore
11000,2251,5053,2025-05-19 06:16:33.033458,3714.07,UPI,Hyderabad
